"ChemID","CAS","CAS_checksum","NAME","name_error","preferred_name","iupac","SMILES","STAR_flag","New STAR flag","Canonical_QSARr","InChI_Code_QSARr","InChI Key_QSARr","DataSet","LogHalfLife","Estimate","gsid","dsstox_substance_id","qc_level","dsstox_compound_id","Tr_1_Tst_0"
100001.0,"50-32-8","ValidCAS","Benzo(a)pyrene","Ok","Benzo(a)pyrene","benzo[pqr]tetraphene","c1c2ccccc2c2ccc3cccc4ccc1c2c34","4 STAR","4 STAR","c1c2ccccc2c2ccc3cccc4ccc1c2c34","InChI=1S/C20H12/c1-2-7-17-15(4-1)12-16-9-8-13-5-3-6-14-10-11-18(17)20(16)19(13)14/h1-12H","FMMWHPNWAFZXNH-UHFFFAOYSA-N","Validation",2.3502,2.6249,20139.0,"DTXSID2020139","DSSTox_Low","DTXCID40139",1
100002.0,"53-70-3","ValidCAS","Dibenz(a,h)anthracene","Ok","Dibenz(a,h)anthracene","benzo[k]tetraphene","c1c2c3ccccc3ccc2cc2c3ccccc3ccc21","4 STAR","4 STAR","c1c2c3ccccc3ccc2cc2c3ccccc3ccc21","InChI=1S/C22H14/c1-3-7-19-15(5-1)9-11-17-14-22-18(13-21(17)19)12-10-16-6-2-4-8-20(16)22/h1-14H","LHRCREOYAASXPZ-UHFFFAOYSA-N","Validation",2.6232,2.7088,20409.0,"DTXSID9020409","DSSTox_Low","DTXCID10409",1
100003.0,"56-55-3","ValidCAS","Benzo(a)anthracene","Ok","Benz(a)anthracene","tetraphene","c1c2c3ccccc3ccc2cc2ccccc21","4 STAR","4 STAR","c1c2c3ccccc3ccc2cc2ccccc21","InChI=1S/C18H12/c1-2-7-15-12-18-16(11-14(15)6-1)10-9-13-5-3-4-8-17(13)18/h1-12H","DXBHBZVCASKNBY-UHFFFAOYSA-N","Training",2.4564,2.5363,23902.0,"DTXSID5023902","DSSTox_Low","DTXCID903902",1
100004.0,"71-43-2","ValidCAS","Benzene","Ok","Benzene","benzene","c1ccccc1","4 STAR","4 STAR","c1ccccc1","InChI=1S/C6H6/c1-2-4-6-5-3-1/h1-6H","UHOVQNZJYSORNB-UHFFFAOYSA-N","Training",0.7782,0.6577,39242.0,"DTXSID3039242","DSSTox_Low","DTXCID20135",0
100005.0,"75-83-2","ValidCAS","2,2-Dimethylbutane","Ok","2,2-Dimethylbutane","2,2-dimethylbutane","CCC(C)(C)C","4 STAR","4 STAR","CCC(C)(C)C","InChI=1S/C6H14/c1-5-6(2,3)4/h5H2,1-4H3","HNRMPXKDFBEGFZ-UHFFFAOYSA-N","Training",1.2788,0.8432,25111.0,"DTXSID4025111","DSSTox_Low","DTXCID405111",1
100006.0,"83-32-9","ValidCAS","Acenaphthene","Ok","Acenaphthene","1,2-dihydroacenaphthylene","C1Cc2cccc3cccc1c23","4 STAR","4 STAR","C1Cc2cccc3cccc1c23","InChI=1S/C12H10/c1-3-9-4-2-6-11-8-7-10(5-1)12(9)11/h1-6H,7-8H2","CWRYPZZKDGJXCA-UHFFFAOYSA-N","Training",1.5911,1.2736,21774.0,"DTXSID3021774","DSSTox_Low","DTXCID201774",1
100007.0,"85-01-8","ValidCAS","Phenanthrene","Ok","Phenanthrene","phenanthrenato","c1cc2ccccc2c2ccccc21","4 STAR","4 STAR","c1cc2ccccc2c2ccccc21","InChI=1S/C14H10/c1-3-7-13-11(5-1)9-10-12-6-2-4-8-14(12)13/h1-10H","YNPNZTXNASCQKK-UHFFFAOYSA-N","Validation",1.6232,1.1752,24254.0,"DTXSID6024254","DSSTox_Low","DTXCID904254",1
100008.0,"86-73-7","ValidCAS","Fluorene","Ok","Fluorene","9H-fluorene","C1c2ccccc2-c2ccccc21","4 STAR","4 STAR","C1c2ccccc2-c2ccccc21","InChI=1S/C13H10/c1-3-7-12-10(5-1)9-11-6-2-4-8-13(11)12/h1-8H,9H2","NIHNNTQXNPWCJQ-UHFFFAOYSA-N","Validation",1.6435,1.18,24105.0,"DTXSID8024105","DSSTox_Low","DTXCID604105",0
100009.0,"90-12-0, 1321-94-4","ValidCAS","1-Methylnaphthalene, Methylnaphthalene","Ok","1-Methylnaphthalene","1-methylnaphthalene","Cc1cccc2ccccc21","4 STAR","4 STAR","Cc1cccc2ccccc21","InChI=1S/C11H10/c1-9-5-4-7-10-6-2-3-8-11(9)10/h2-8H,1H3","QPUYECUOLPXSFR-UHFFFAOYSA-N","Validation",0.96215,0.9489,20877.0,"DTXSID9020877","DSSTox_Low","DTXCID30877",1
100010.0,"91-20-3","ValidCAS","Naphthalene","Ok","Naphthalene","naphthalene","c1cccc2ccccc21","4 STAR","4 STAR","c1cccc2ccccc21","InChI=1S/C10H8/c1-2-6-10-8-4-3-7-9(10)5-1/h1-8H","UFWIBTONFRDIAS-UHFFFAOYSA-N","Training",0.4771,0.7451,20913.0,"DTXSID8020913","DSSTox_Low","DTXCID00913",1
100011.0,"91-57-6","ValidCAS","2-Methylnaphthalene","Ok","2-Methylnaphthalene","2-methylnaphthalene","Cc1cc2ccccc2cc1","4 STAR","4 STAR","Cc1cc2ccccc2cc1","InChI=1S/C11H10/c1-9-6-7-10-4-2-3-5-11(10)8-9/h2-8H,1H3","QIMMUPPBPVKWKM-UHFFFAOYSA-N","Training",1.1461,0.9489,20878.0,"DTXSID4020878","DSSTox_Low","DTXCID60878",1
100012.0,"92-52-4","ValidCAS","Biphenyl","Ok","Biphenyl","biphenyl","c1ccccc1-c1ccccc1","4 STAR","4 STAR","c1ccccc1-c1ccccc1","InChI=1S/C12H10/c1-3-7-11(8-4-1)12-9-5-2-6-10-12/h1-10H","ZUOUZKKEUPVFJK-UHFFFAOYSA-N","Training",1.4914,1.4914,20161.0,"DTXSID4020161","DSSTox_Low","DTXCID60161",0
100013.0,"95-13-6","ValidCAS","Indene","Ok","Indene","1H-indene","C1C=Cc2ccccc21","4 STAR","4 STAR","C1C=Cc2ccccc21","InChI=1S/C9H8/c1-2-5-9-7-3-6-8(9)4-1/h1-6H,7H2","YBYIRNPNPLQARY-UHFFFAOYSA-N","Training",0.4771,0.3117,42052.0,"DTXSID8042052","DSSTox_Low","DTXCID6022052",1
100014.0,"95-15-8","ValidCAS","2,3-Benzothiophene",,"Benzothiophene","1-benzothiophene","s(c(c(c1)ccc2)c2)c1","3 STAR: Molfile, Smiles, CAS","4 STAR: Name retrieved from DSSTOX","c1cccc2[s]ccc21","InChI=1S/C8H6S/c1-2-4-8-7(3-1)5-6-9-8/h1-6H","FCEHBMOGCRZNNI-UHFFFAOYSA-N","Training",1.3979,1.2692,52736.0,"DTXSID2052736","DSSTox_High","DTXCID9031276",1
100015.0,"95-47-6","ValidCAS","o-Xylene","Ok","o-Xylene","C8H10","Cc1ccccc1C","4 STAR","4 STAR","Cc1ccccc1C","InChI=1S/C8H10/c1-7-5-3-4-6-8(7)2/h3-6H,1-2H3","CTQNGGLPUBDAKN-UHFFFAOYSA-N","Training",0.7782,0.6475,21807.0,"DTXSID3021807","DSSTox_Low","DTXCID501807",1
100016.0,"95-63-6","ValidCAS","1,2,4-Trimethylbenzene","Ok","1,2,4-Trimethylbenzene","1,2,4-trimethylbenzene","Cc1cc(C)c(C)cc1","4 STAR","4 STAR","Cc1cc(C)c(C)cc1","InChI=1S/C9H12/c1-7-4-5-8(2)9(3)6-7/h4-6H,1-3H3","GWHJZXXIDMPWGX-UHFFFAOYSA-N","Validation",0.6021,0.6425,21402.0,"DTXSID6021402","DSSTox_Low","DTXCID701402",0
100017.0,"95-93-2","ValidCAS","1,2,4,5-Tetramethylbenzene","Ok","1,2,4,5-Tetramethylbenzene","1,2,4,5-tetramethylbenzene","Cc1cc(C)c(C)cc1C","4 STAR","4 STAR","Cc1cc(C)c(C)cc1C","InChI=1S/C10H14/c1-7-5-9(3)10(4)6-8(7)2/h5-6H,1-4H3","SQNZJJAZBFDUTD-UHFFFAOYSA-N","Training",0.8451,0.6374,29124.0,"DTXSID1029124","DSSTox_Low","DTXCID309124",1
100018.0,"96-37-7","ValidCAS","Methylcyclopentane","Ok","Methylcyclopentane","methylcyclopentane","CC1CCCC1","4 STAR","4 STAR","CC1CCCC1","InChI=1S/C6H12/c1-6-4-2-3-5-6/h6H,2-5H2,1H3","GDOPTJXRTPNYNR-UHFFFAOYSA-N","Training",0.6021,0.7752,25590.0,"DTXSID3025590","DSSTox_Low","DTXCID205590",1
100019.0,"98-82-8","ValidCAS","Isopropylbenzene","Ok","Cumene","propan-2-ylbenzene","CC(C)c1ccccc1","4 STAR","4 STAR","CC(C)c1ccccc1","InChI=1S/C9H12/c1-8(2)9-6-4-3-5-7-9/h3-8H,1-2H3","RWGFKTVRMDUZSP-UHFFFAOYSA-N","Training",1.1761,1.027,21827.0,"DTXSID1021827","DSSTox_High","DTXCID101827",1
100020.0,"100-41-4","ValidCAS","Ethylbenzene","Ok","Ethylbenzene","C8H10","CCc1ccccc1","4 STAR","4 STAR","CCc1ccccc1","InChI=1S/C8H10/c1-2-8-6-4-3-5-7-8/h3-7H,2H2,1H3","YNQLUTRBYVCPMQ-UHFFFAOYSA-N","Validation",0.9031,0.6963,20596.0,"DTXSID3020596","DSSTox_High","DTXCID10596",0
100021.0,"103-65-1","ValidCAS","n-Propylbenzene","Ok","Propylbenzene","propylbenzene","CCCc1ccccc1","4 STAR","4 STAR","CCCc1ccccc1","InChI=1S/C9H12/c1-2-6-9-7-4-3-5-8-9/h3-5,7-8H,2,6H2,1H3","ODLMAHJVESYWTB-UHFFFAOYSA-N","Validation",0.6021,0.7627,42219.0,"DTXSID3042219","DSSTox_Low","DTXCID1022219",1
100022.0,"106-42-3","ValidCAS","p-Xylene","Ok","p-Xylene","1,4-dimethylbenzene","Cc1ccc(C)cc1","4 STAR","4 STAR","Cc1ccc(C)cc1","InChI=1S/C8H10/c1-7-3-5-8(2)6-4-7/h3-6H,1-2H3","URLKBWYHVLBVBO-UHFFFAOYSA-N","Training",0.9542,0.6475,21868.0,"DTXSID2021868","DSSTox_Low","DTXCID701868",1
100023.0,"108-08-7","ValidCAS","2,4-Dimethylpentane","Ok","2,4-Dimethylpentane","2,4-Dimethylpentane","CC(C)CC(C)C","4 STAR","4 STAR","CC(C)CC(C)C","InChI=1S/C7H16/c1-6(2)5-7(3)4/h6-7H,5H2,1-4H3","BZHMBWZPUJHVEE-UHFFFAOYSA-N","Training",1.6812,0.7506,59358.0,"DTXSID2059358","Public_High","DTXCID0033099",1
100024.0,"108-38-3","ValidCAS","m-Xylene","Ok","m-Xylene","C8H10","Cc1cc(C)ccc1","4 STAR","4 STAR","Cc1cc(C)ccc1","InChI=1S/C8H10/c1-7-4-3-5-8(2)6-7/h3-6H,1-2H3","IVSZLXZYQVIEFR-UHFFFAOYSA-N","Training",1.0,0.6475,26298.0,"DTXSID6026298","DSSTox_Low","DTXCID501446",0
100025.0,"108-67-8","ValidCAS","1,3,5-Trimethylbenzene","Ok","1,3,5-Trimethylbenzene","1,3,5-trimethylbenzene","Cc1cc(C)cc(C)c1","4 STAR","4 STAR","Cc1cc(C)cc(C)c1","InChI=1S/C9H12/c1-7-4-8(2)6-9(3)5-7/h4-6H,1-3H3","AUHZEENZYGFFBQ-UHFFFAOYSA-N","Training",0.4771,0.6425,26797.0,"DTXSID6026797","DSSTox_Low","DTXCID506797",1
100026.0,"108-87-2","ValidCAS","Methylcyclohexane","Ok","Methylcyclohexane","methylcyclohexane","CC1CCCCC1","4 STAR","4 STAR","CC1CCCCC1","InChI=1S/C7H14/c1-7-5-3-2-4-6-7/h7H,2-6H2,1H3","UAEPNZWRGJTJPN-UHFFFAOYSA-N","Validation",0.6021,0.8639,47749.0,"DTXSID0047749","DSSTox_Low","DTXCID4027733",1
100027.0,"108-88-3","ValidCAS","Toluene","Ok","Toluene","methylbenzene","Cc1ccccc1","4 STAR","4 STAR","Cc1ccccc1","InChI=1S/C7H8/c1-7-5-3-2-4-6-7/h2-6H,1H3","YXFVVABEGXRONW-UHFFFAOYSA-N","Training",0.301,0.6526,21360.0,"DTXSID7021360","DSSTox_Low","DTXCID501360",1
100028.0,"109-66-0","ValidCAS","n-Pentane","Ok","Pentane","C5H12","CCCCC","4 STAR","4 STAR","CCCCC","InChI=1S/C5H12/c1-3-5-4-2/h3-5H2,1-2H3","OFBQJSOFQDEBGM-UHFFFAOYSA-N","Validation",0.699,0.6056,25846.0,"DTXSID2025846","DSSTox_Low","DTXCID705846",0
100029.0,"110-54-3","ValidCAS","n-Hexane","Ok","Hexane","hexane","CCCCCC","4 STAR","4 STAR","CCCCCC","InChI=1S/C6H14/c1-3-5-6-4-2/h3-6H2,1-2H3","VLKZOEOYAKHREP-UHFFFAOYSA-N","Training",0.9542,0.6721,21917.0,"DTXSID0021917","DSSTox_Low","DTXCID001917",1
100030.0,"110-82-7","ValidCAS","Cyclohexane","Ok","Cyclohexane","cyclohexane","C1CCCCC1","4 STAR","4 STAR","C1CCCCC1","InChI=1S/C6H12/c1-2-4-6-5-3-1/h1-6H2","XDTMQSROBMDMFD-UHFFFAOYSA-N","Training",1.699,1.7434,21923.0,"DTXSID4021923","DSSTox_Low","DTXCID701923",1
100031.0,"111-01-3","ValidCAS","Squalane","Warning: Structure is taken from ACD/Dictionary","Squalane","2,6,10,15,19,23-hexamethyltetracosane","CC(C)CCCC(C)CCCC(C)CCCCC(C)CCCC(C)CCCC(C)C","4 STAR","4 STAR","CC(C)CCCC(C)CCCC(C)CCCCC(C)CCCC(C)CCCC(C)C","InChI=1S/C30H62/c1-25(2)15-11-19-29(7)23-13-21-27(5)17-9-10-18-28(6)22-14-24-30(8)20-12-16-26(3)4/h25-30H,9-24H2,1-8H3","PRAKJMSDJKAYCZ-UHFFFAOYSA-N","Validation",1.6232,2.523,46513.0,"DTXSID0046513","DSSTox_Low","DTXCID8026513",1
100032.0,"111-65-9","ValidCAS","n-Octane","Ok","Octane","octane","CCCCCCCC","4 STAR","4 STAR","CCCCCCCC","InChI=1S/C8H18/c1-3-5-7-8-6-4-2/h3-8H2,1-2H3","TVMXDCGIABBOFY-UHFFFAOYSA-N","Training",0.9542,0.8049,26882.0,"DTXSID0026882","DSSTox_Low","DTXCID406882",0
100033.0,"111-84-2","ValidCAS","n-Nonane","Ok","Nonane","nonane","CCCCCCCCC","4 STAR","4 STAR","CCCCCCCCC","InChI=1S/C9H20/c1-3-5-7-9-8-6-4-2/h3-9H2,1-2H3","BKIMMITUMNQMOS-UHFFFAOYSA-N","Validation",0.9542,0.8713,25796.0,"DTXSID9025796","DSSTox_Low","DTXCID005796",1
100034.0,"112-40-3","ValidCAS","n-Dodecane","Ok","Dodecane","dodecane","CCCCCCCCCCCC","4 STAR","4 STAR","CCCCCCCCCCCC","InChI=1S/C12H26/c1-3-5-7-9-11-12-10-8-6-4-2/h3-12H2,1-2H3","SNRUBQQJIBEYMU-UHFFFAOYSA-N","Training",1.0,1.0705,26913.0,"DTXSID0026913","DSSTox_Low","DTXCID906913",1
100035.0,"112-95-8","ValidCAS","n-Eicosane","Ok","Eicosane","icosane","CCCCCCCCCCCCCCCCCCCC","4 STAR","4 STAR","CCCCCCCCCCCCCCCCCCCC","InChI=1S/C20H42/c1-3-5-7-9-11-13-15-17-19-20-18-16-14-12-10-8-6-4-2/h3-20H2,1-2H3","CBFCDTFDPHXCNY-UHFFFAOYSA-N","Validation",1.3979,1.6017,25227.0,"DTXSID1025227","DSSTox_Low","DTXCID305227",1
100036.0,"119-64-2","ValidCAS","Tetralin","Warning: Structure is taken from ACD/Dictionary","Tetralin","1,2,3,4-tetrahydronaphthalene","C1CCCc2ccccc21","4 STAR","4 STAR","C1CCCc2ccccc21","InChI=1S/C10H12/c1-2-6-10-8-4-3-7-9(10)5-1/h1-2,5-6H,3-4,7-8H2","CXWXQJXEFPUFDZ-UHFFFAOYSA-N","Validation",0.9031,0.1656,26118.0,"DTXSID1026118","DSSTox_Low","DTXCID306118",0
100037.0,"120-12-7","ValidCAS","Anthracene","Ok","Anthracene","anthracene","c1c2ccccc2cc2ccccc21","4 STAR","4 STAR","c1c2ccccc2cc2ccccc21","InChI=1S/C14H10/c1-2-6-12-10-14-8-4-3-7-13(14)9-11(12)5-1/h1-10H","MWPLVEDNUUSJAV-UHFFFAOYSA-N","Training",2.0899,2.0899,23878.0,"DTXSID0023878","DSSTox_Low","DTXCID203878",1
100038.0,"124-18-5","ValidCAS","n-Decane","Ok","Decane","decane","CCCCCCCCCC","4 STAR","4 STAR","CCCCCCCCCC","InChI=1S/C10H22/c1-3-5-7-9-10-8-6-4-2/h3-10H2,1-2H3","DIOQZVSQGTUSAI-UHFFFAOYSA-N","Training",0.9542,0.9377,24913.0,"DTXSID6024913","DSSTox_Low","DTXCID704913",1
100039.0,"129-00-0","ValidCAS","Pyrene","Ok","Pyrene","pyrene","c1cc2cccc3ccc4cccc1c4c32","4 STAR","4 STAR","c1cc2cccc3ccc4cccc1c4c32","InChI=1S/C16H10/c1-3-11-7-9-13-5-2-6-14-10-8-12(4-1)15(11)16(13)14/h1-10H","BBEAQIROQSPTKN-UHFFFAOYSA-N","Validation",2.3747,2.4524,24289.0,"DTXSID3024289","DSSTox_Low","DTXCID804289",1
100040.0,"132-65-0","ValidCAS","Dibenzothiophene","Warning: Structure is taken from ACD/Dictionary","Dibenzothiophene","dibenzo[b,d]thiophene","c1cccc2[s]c3ccccc3c21","4 STAR","4 STAR","c1cccc2[s]c3ccccc3c21","InChI=1S/C12H8S/c1-3-7-11-9(5-1)10-6-2-4-8-12(10)13-11/h1-8H","IYYZUPMFVPLQIF-UHFFFAOYSA-N","Training",1.5563,1.4418,47741.0,"DTXSID0047741","DSSTox_Low","DTXCID0027725",0
100041.0,"141-93-5","ValidCAS","1,3-Diethylbenzene","Ok","1,3-Diethylbenzene","1,3-diethylbenzene","CCc1cc(CC)ccc1","4 STAR","4 STAR","CCc1cc(CC)ccc1","InChI=1S/C10H14/c1-3-9-6-5-7-10(4-2)8-9/h5-8H,3-4H2,1-2H3","AFZZYIJIWUTJFO-UHFFFAOYSA-N","Training",0.8451,0.7348,22003.0,"DTXSID1022003","DSSTox_Low","DTXCID402003",1
100042.0,"142-82-5","ValidCAS","n-Heptane","Ok","Heptane","heptane","CCCCCCC","4 STAR","4 STAR","CCCCCCC","InChI=1S/C7H16/c1-3-5-7-6-4-2/h3-7H2,1-2H3","IMNFDUFMRHMDMM-UHFFFAOYSA-N","Validation",0.8451,0.7385,24127.0,"DTXSID6024127","DSSTox_Low","DTXCID004127",1
100043.0,"189-55-9","ValidCAS","Dibenzo(a,I)pyrene","Ok","Dibenzo[a,i]pyrene",,"c1c2ccccc2c2ccc3c4c2c1ccc4cc1ccccc13","4 STAR","4 STAR","c1c2ccccc2c2ccc3c4c2c1ccc4cc1ccccc13","InChI=1S/C24H14/c1-3-7-19-15(5-1)13-17-9-10-18-14-16-6-2-4-8-20(16)22-12-11-21(19)23(17)24(18)22/h1-14H","TUGYIJVAYAHHHM-UHFFFAOYSA-N","Training",2.4713,2.7975,59751.0,"DTXSID9059751","Public_High","DTXCID3035971",1
100044.0,"191-07-1","ValidCAS","Coronene","Ok","Coronene","coronene","c1cc2ccc3ccc4ccc5ccc6ccc1c1c6c5c4c3c21","4 STAR","4 STAR","c1cc2ccc3ccc4ccc5ccc6ccc1c1c6c5c4c3c21","InChI=1S/C24H12/c1-2-14-5-6-16-9-11-18-12-10-17-8-7-15-4-3-13(1)19-20(14)22(16)24(18)23(17)21(15)19/h1-12H","VPUGDVKSAQVFFS-UHFFFAOYSA-N","Training",2.8651,2.8022,47740.0,"DTXSID5047740","DSSTox_Low","DTXCID5027724",0
100045.0,"191-24-2","ValidCAS","Benzo(ghi)perylene","Ok","Benzo(g,h,i)perylene","benzo[ghi]perylene","c1cc2ccc3cccc4c3c2c2c3c4cccc3ccc21","4 STAR","4 STAR","c1cc2ccc3cccc4c3c2c2c3c4cccc3ccc21","InChI=1S/C22H12/c1-3-13-7-9-15-11-12-16-10-8-14-4-2-6-18-17(5-1)19(13)21(15)22(16)20(14)18/h1-12H","GYFAGKUZYNFMBN-UHFFFAOYSA-N","Training",2.7497,2.7136,23908.0,"DTXSID5023908","DSSTox_Low","DTXCID303908",1
100046.0,"192-97-2","ValidCAS","Benzo(e)pyrene","Ok","Benzo(e)pyrene","benzo[e]pyrene","c1cc2cccc3c2c2c(cccc21)c1ccccc31","4 STAR","4 STAR","c1cc2cccc3c2c2c(cccc21)c1ccccc31","InChI=1S/C20H12/c1-2-8-16-15(7-1)17-9-3-5-13-11-12-14-6-4-10-18(16)20(14)19(13)17/h1-12H","TXVHTIQJNYSSKO-UHFFFAOYSA-N","Training",2.5623,2.6249,23764.0,"DTXSID3023764","DSSTox_High","DTXCID103764",1
100047.0,"193-39-5","ValidCAS","Indeno(1,2,3-cd)pyrene","Ok","Indeno(1,2,3-cd)pyrene","indeno[1,2,3-cd]pyrene","c1c2c3c4c5c1cccc5ccc4ccc3-c1ccccc1-2","4 STAR","4 STAR","c1c2c3c4c5c1cccc5ccc4ccc3-c1ccccc1-2","InChI=1S/C22H12/c1-2-7-17-16(6-1)18-11-10-14-9-8-13-4-3-5-15-12-19(17)22(18)21(14)20(13)15/h1-12H","SXQBHARYMNFBPS-UHFFFAOYSA-N","Training",2.5185,2.5431,24153.0,"DTXSID8024153","DSSTox_Low","DTXCID304153",1
100048.0,"198-55-0","ValidCAS","Perylene","Ok","Perylene","perylene","c1ccc2c3c(cccc31)c1cccc3cccc2c31","4 STAR","4 STAR","c1ccc2c3c(cccc31)c1cccc3cccc2c31","InChI=1S/C20H12/c1-5-13-6-2-11-17-18-12-4-8-14-7-3-10-16(20(14)18)15(9-1)19(13)17/h1-12H","CSHWQDPOILHKBI-UHFFFAOYSA-N","Training",2.9533,2.6249,47753.0,"DTXSID4047753","DSSTox_Low","DTXCID9027736",0
100049.0,"203-12-3","ValidCAS","Benzo(ghi)fluoranthene","Ok","Benzo[ghi]fluoranthene",,"c1cc2cccc3c2c2c4c-3cccc4ccc21","4 STAR","4 STAR","c1cc2cccc3c2c2c4c-3cccc4ccc21","InChI=1S/C18H10/c1-3-11-7-9-13-10-8-12-4-2-6-15-14(5-1)16(11)18(13)17(12)15/h1-10H","YEIHPPOCKIHUQJ-UHFFFAOYSA-N","Validation",2.5441,2.3706,75455.0,"DTXSID4075455","Public_High","DTXCID1036254",1
100050.0,"205-82-3","ValidCAS","Benzo(j)fluoranthene","Ok","Benzo(j)fluoranthene","benzo[j]fluoranthene","c1cc2c(c3ccccc31)-c1cccc3cccc-2c31","4 STAR","4 STAR","c1cc2c(c3ccccc31)-c1cccc3cccc-2c31","InChI=1S/C20H12/c1-2-8-15-13(5-1)11-12-17-16-9-3-6-14-7-4-10-18(19(14)16)20(15)17/h1-12H","KHNYNFUTFKJLDD-UHFFFAOYSA-N","Training",2.4771,2.4544,52691.0,"DTXSID8052691","DSSTox_Low","DTXCID8031289",1
100051.0,"205-99-2","ValidCAS","Benzo(b)fluoranthene","Ok","Benzo(b)fluoranthene","benzo[e]acephenanthrylene","c1c2c3c(cccc3-c3ccccc3-2)c2ccccc21","4 STAR","4 STAR","c1c2c3c(cccc3-c3ccccc3-2)c2ccccc21","InChI=1S/C20H12/c1-2-7-14-13(6-1)12-19-16-9-4-3-8-15(16)18-11-5-10-17(14)20(18)19/h1-12H","FTOVXSOBNPWTSH-UHFFFAOYSA-N","Training",2.4502,2.4544,23907.0,"DTXSID0023907","DSSTox_Low","DTXCID903907",1
100052.0,"206-44-0","ValidCAS","Fluoranthene","Ok","Fluoranthene","fluoranthene","c1ccc2c3c(cccc31)-c1ccccc1-2","4 STAR","4 STAR","c1ccc2c3c(cccc31)-c1ccccc1-2","InChI=1S/C16H10/c1-2-8-13-12(7-1)14-9-3-5-11-6-4-10-15(13)16(11)14/h1-10H","GVEPBJHOBDJJJI-UHFFFAOYSA-N","Training",2.1673,2.2819,24104.0,"DTXSID3024104","DSSTox_Low","DTXCID204104",0
100053.0,"207-08-9","ValidCAS","Benzo(k)fluoranthene","Ok","Benzo(k)fluoranthene","benzo[k]fluoranthene","c1c2-c3cccc4cccc(c43)-c2cc2ccccc21","4 STAR","4 STAR","c1c2-c3cccc4cccc(c43)-c2cc2ccccc21","InChI=1S/C20H12/c1-2-6-15-12-19-17-10-4-8-13-7-3-9-16(20(13)17)18(19)11-14(15)5-1/h1-12H","HAXBIWFMXWRORI-UHFFFAOYSA-N","Training",2.5453,2.4544,23909.0,"DTXSID0023909","DSSTox_Low","DTXCID703909",1
100054.0,"208-96-8","ValidCAS","Acenaphthylene","Ok","Acenaphthylene","acenaphthylene","c1ccc2C=Cc3cccc1c32","4 STAR","4 STAR","c1ccc2C=Cc3cccc1c32","InChI=1S/C12H8/c1-3-9-4-2-6-11-8-7-10(5-1)12(9)11/h1-8H","HXGDTGSAIMULJN-UHFFFAOYSA-N","Validation",1.5798,1.4871,23845.0,"DTXSID3023845","DSSTox_Low","DTXCID103845",1
100055.0,"217-59-4","ValidCAS","Triphenylene","Ok","Triphenylene","Triphenylene","c1cccc2c1c1ccccc1c1ccccc12","4 STAR","4 STAR","c1cccc2c1c1ccccc1c1ccccc12","InChI=1S/C18H12/c1-2-8-14-13(7-1)15-9-3-4-11-17(15)18-12-6-5-10-16(14)18/h1-12H","SLGBZMMZGDRARJ-UHFFFAOYSA-N","Training",2.5775,2.5363,59757.0,"DTXSID9059757","Public_High","DTXCID7036537",1
100056.0,"218-01-9","ValidCAS","Chrysene","Ok","Chrysene","chrysene","c1cc2c3ccccc3ccc2c2ccccc21","4 STAR","4 STAR","c1cc2c3ccccc3ccc2c2ccccc21","InChI=1S/C18H12/c1-3-7-15-13(5-1)9-11-18-16-8-4-2-6-14(16)10-12-17(15)18/h1-12H","WDECIBYCCFPHNR-UHFFFAOYSA-N","Validation",2.5775,2.5363,22432.0,"DTXSID0022432","DSSTox_Low","DTXCID702432",0
100057.0,"238-84-6","ValidCAS","Benzo(a)fluorene","Ok","11H-Benzo[a]fluorene","11H-Benzo[a]fluorene","C1c2c3ccccc3ccc2-c2ccccc21","4 STAR","4 STAR","C1c2c3ccccc3ccc2-c2ccccc21","InChI=1S/C17H12/c1-3-7-14-12(5-1)9-10-16-15-8-4-2-6-13(15)11-17(14)16/h1-10H,11H2","HKMTVMBEALTRRR-UHFFFAOYSA-N","Validation",2.1492,2.5411,75204.0,"DTXSID3075204","Public_High","DTXCID3036943",1
100058.0,"281-23-2","ValidCAS","Adamantane","Ok","Adamantane","tricyclo[3.3.1.1~3,7~]decane","C1C2CC3CC1CC(C2)C3","4 STAR","4 STAR","C1C2CC3CC1CC(C2)C3","InChI=1S/C10H16/c1-7-2-9-4-8(1)5-10(3-7)6-9/h7-10H,1-6H2","ORILYTVJVMAKLC-UHFFFAOYSA-N","Validation",3.0,1.7129,22017.0,"DTXSID5022017","DSSTox_Low","DTXCID302017",1
100059.0,"287-92-3","ValidCAS","Cyclopentane","Ok","Cyclopentane","cyclopentane","C1CCCC1","4 STAR","4 STAR","C1CCCC1","InChI=1S/C5H10/c1-2-4-5-3-1/h1-5H2","RGSFGYAAUTVSQA-UHFFFAOYSA-N","Training",1.699,1.6546,24886.0,"DTXSID6024886","DSSTox_Low","DTXCID804886",1
100060.0,"464-06-2","ValidCAS","2,2,3-Trimethylbutane","Ok","2,2,3-Trimethylbutane","2,2,3-Trimethylbutane","CC(C)C(C)(C)C","4 STAR","4 STAR","CC(C)C(C)(C)C","InChI=1S/C7H16/c1-6(2)7(3,4)5/h6H,1-5H3","ZISSAWUMDACLOM-UHFFFAOYSA-N","Training",0.7782,0.9709,60047.0,"DTXSID7060047","Public_High","DTXCID3040489",0
100061.0,"488-23-3","ValidCAS","1,2,3,4-Tetramethylbenzene","Ok","1,2,3,4-Tetramethylbenzene","1,2,3,4-TETRAMETHYLBENZENE","Cc1ccc(C)c(C)c1C","4 STAR","4 STAR","Cc1ccc(C)c(C)c1C","InChI=1S/C10H14/c1-7-5-6-8(2)10(4)9(7)3/h5-6H,1-4H3","UOHMMEJUHBCKEE-UHFFFAOYSA-N","Training",0.6021,0.6374,60072.0,"DTXSID4060072","Public_High","DTXCID3040645",1
100062.0,"496-11-7","ValidCAS","Indan","Ok","Indan","indane","C1CCc2ccccc21","4 STAR","4 STAR","C1CCc2ccccc21","InChI=1S/C9H10/c1-2-5-9-7-3-6-8(9)4-1/h1-2,4-5H,3,6-7H2","PQNFLJBBNBOBRQ-UHFFFAOYSA-N","Training",0.7782,0.4635,52132.0,"DTXSID4052132","DSSTox_High","DTXCID9030701",1
100063.0,"526-73-8","ValidCAS","1,2,3-Trimethylbenzene","Ok","1,2,3-Trimethylbenzene","1,2,3-trimethylbenzene","Cc1c(C)cccc1C","4 STAR","4 STAR","Cc1c(C)cccc1C","InChI=1S/C9H12/c1-7-5-4-6-8(2)9(7)3/h4-6H,1-3H3","FYGHSUNMUKGBRK-UHFFFAOYSA-N","Training",0.6021,0.6425,47769.0,"DTXSID8047769","DSSTox_Low","DTXCID7027750",1
100064.0,"527-53-7","ValidCAS","1,2,3,5-Tetramethylbenzene","Ok","1,2,3,5-Tetramethylbenzene","1,2,3,5-tetramethylbenzene","Cc1cc(C)c(C)c(C)c1","4 STAR","4 STAR","Cc1cc(C)c(C)c(C)c1","InChI=1S/C10H14/c1-7-5-8(2)10(4)9(3)6-7/h5-6H,1-4H3","BFIMMTCNYPIMRN-UHFFFAOYSA-N","Validation",0.4771,0.6374,26119.0,"DTXSID6026119","DSSTox_Low","DTXCID706119",0
100065.0,"538-93-2","ValidCAS","Isobutylbenzene","Ok","Isobutylbenzene","(2-methylpropyl)benzene","c(cccc1)(c1)CC(C)C","3 STAR: CAS, Name, Smiles","4 STAR: Molfile retrieved from DSSTOX","CC(C)Cc1ccccc1","InChI=1S/C10H14/c1-9(2)8-10-6-4-3-5-7-10/h3-7,9H,8H2,1-2H3","KXUHSQYYJYAXGZ-UHFFFAOYSA-N","Validation",1.0,0.8904,27181.0,"DTXSID6027181","DSSTox_Low","DTXCID707181",1
100066.0,"540-84-1","ValidCAS","2,2,4-Trimethylpentane","Ok","2,2,4-Trimethylpentane","2,2,4-trimethylpentane","CC(C)CC(C)(C)C","4 STAR","4 STAR","CC(C)CC(C)(C)C","InChI=1S/C8H18/c1-7(2)6-8(3,4)5/h7H,6H2,1-5H3","NHTMVDHEPJAVLT-UHFFFAOYSA-N","Training",1.6021,1.0373,24370.0,"DTXSID7024370","DSSTox_Low","DTXCID104370",1
100067.0,"544-76-3","ValidCAS","n-Hexadecane","Ok","Hexadecane","hexadecane","CCCCCCCCCCCCCCCC","4 STAR","4 STAR","CCCCCCCCCCCCCCCC","InChI=1S/C16H34/c1-3-5-7-9-11-13-15-16-14-12-10-8-6-4-2/h3-16H2,1-2H3","DCAYPVUWAIABOU-UHFFFAOYSA-N","Training",1.2304,1.3361,27195.0,"DTXSID0027195","DSSTox_Low","DTXCID607195",1
100068.0,"544-85-4","ValidCAS","n-Dotriacontane","Ok","Dotriacontane","dotriacontane","CCCCCCCCCCCCCCCCCCCCCCCCCCCCCCCC","4 STAR","4 STAR","CCCCCCCCCCCCCCCCCCCCCCCCCCCCCCCC","InChI=1S/C32H66/c1-3-5-7-9-11-13-15-17-19-21-23-25-27-29-31-32-30-28-26-24-22-20-18-16-14-12-10-8-6-4-2/h3-32H2,1-2H3","QHMGJGNTMQDRQA-UHFFFAOYSA-N","Training",2.4533,2.4657,52202.0,"DTXSID5052202","DSSTox_High","DTXCID7030773",0
100069.0,"560-21-4","ValidCAS","2,3,3-Trimethylpentane","Ok","Pentane, 2,3,3-trimethyl-","2,3,3-Trimethylpentane","CCC(C)(C)C(C)C","4 STAR","4 STAR","CCC(C)(C)C(C)C","InChI=1S/C8H18/c1-6-8(4,5)7(2)3/h7H,6H2,1-5H3","OKVWYBALHQFVFP-UHFFFAOYSA-N","Validation",1.7243,1.0373,60333.0,"DTXSID2060333","Public_High","DTXCID7042015",1
100070.0,"562-49-2","ValidCAS","3,3-Dimethylpentane","Ok","Pentane,3,3-dimethyl-","3,3-dimethylpentane","CC(C)(CC)CC","4 STAR","4 STAR","CC(C)(CC)CC","InChI=1S/C7H16/c1-5-7(3,4)6-2/h5-6H2,1-4H3","AEXMKKGTQYQZCS-UHFFFAOYSA-N","Validation",0.9542,0.9096,49319.0,"DTXSID0049319","DSSTox_Low","DTXCID9029275",1
100071.0,"563-16-6","ValidCAS","3,3-Dimethylhexane","Ok","3,3-Dimethylhexane","3,3-Dimethylhexane","CCC(C)(C)CCC","4 STAR","4 STAR","CCC(C)(C)CCC","InChI=1S/C8H18/c1-5-7-8(3,4)6-2/h5-7H2,1-4H3","KUMXLFIBWFCMOJ-UHFFFAOYSA-N","Training",0.699,0.976,73194.0,"DTXSID2073194","Public_High","DTXCID4042046",1
100072.0,"564-02-3","ValidCAS","2,2,3-Trimethylpentane",,"PUBCHEM_22810197","C8H18","CC(C)(C)C(C)CC","3 STAR: Molfile, Smiles, Name, CAS not in DSSTox","4 STAR: CAS retrieved from DSSTOX: 40824-48-4","CCC(C)C(C)(C)C","InChI=1S/C8H18/c1-6-7(2)8(3,4)5/h7H,6H2,1-5H3","XTDQDBVBDLYELW-UHFFFAOYSA-N","Training",0.8451,1.0373,628408.0,"DTXSID80628408","Public_Low","DTXCID60579161",0
100073.0,"565-59-3","ValidCAS","2,3-Dimethylpentane","Ok",,,"C(C(CC)C)(C)C","3 STAR: Molfile, Smiles, Name, CAS not in DSSTox","3 STAR: Molfile, Smiles, Name, CAS not in DSSTox, structure not in DSSTOX","CC(C)C(C)CC","InChI=1S/C7H16/c1-5-7(4)6(2)3/h6-7H,5H2,1-4H3","WGECXQBGLLYSFP-UHFFFAOYSA-N","Validation",0.8451,0.7506,,,,,1
100074.0,"565-75-3","ValidCAS","2,3,4-Trimethylpentane","Ok","2,3,4-Trimethylpentane","2,3,4-Trimethylpentane","CC(C(C)C)C(C)C","4 STAR","4 STAR","CC(C(C)C)C(C)C","InChI=1S/C8H18/c1-6(2)8(5)7(3)4/h6-8H,1-5H3","RLPGDEORIPLBNF-UHFFFAOYSA-N","Validation",1.1761,0.8783,60343.0,"DTXSID6060343","Public_High","DTXCID1042079",1
100075.0,"571-58-4","ValidCAS","1,4-Dimethylnaphthalene","Ok","1,4-Dimethylnaphthalene","1,4-dimethylnaphthalene","Cc1ccc(C)c2ccccc12","4 STAR","4 STAR","Cc1ccc(C)c2ccccc12","InChI=1S/C12H12/c1-9-7-8-10(2)12-6-4-3-5-11(9)12/h3-8H,1-2H3","APQSQLNWAIULLK-UHFFFAOYSA-N","Training",1.1761,1.1526,35423.0,"DTXSID8035423","DSSTox_Low","DTXCID6015423",1
100076.0,"581-40-8","ValidCAS","2,3-Dimethylnaphthalene","Ok","2,3-Dimethylnaphthalene","2,3-Dimethylnaphthalene","Cc1cc2ccccc2cc1C","4 STAR","4 STAR","Cc1cc2ccccc2cc1C","InChI=1S/C12H12/c1-9-7-11-5-3-4-6-12(11)8-10(9)2/h3-8H,1-2H3","WWGUMAYGTYQSGA-UHFFFAOYSA-N","Validation",1.1761,1.1526,60383.0,"DTXSID2060383","Public_High","DTXCID6042317",0
100077.0,"583-48-2","ValidCAS","3,4-Dimethylhexane","Ok",,,"C(C(CC)C)(CC)C","3 STAR: Molfile, Smiles, Name, CAS not in DSSTox","3 STAR: Molfile, Smiles, Name, CAS not in DSSTox, structure not in DSSTOX","CC(CC)C(C)CC","InChI=1S/C8H18/c1-5-7(3)8(4)6-2/h7-8H,5-6H2,1-4H3","RNTWWGNZUXGTAX-UHFFFAOYSA-N","Training",0.4771,0.817,,,,,1
100078.0,"583-57-3","ValidCAS","1,2-Dimethylcyclohexane","Ok","1,2-Dimethylcyclohexane","C8H16","CC1CCCCC1C","4 STAR","4 STAR","CC1CCCCC1C","InChI=1S/C8H16/c1-7-5-3-4-6-8(7)2/h7-8H,3-6H2,1-2H3","KVZJLSYJROEPSQ-UHFFFAOYSA-N","Training",1.2553,0.7055,858730.0,"DTXSID50858730","DSSTox_Low","DTXCID50809464",1
100079.0,"584-94-1","ValidCAS","2,3-Dimethylhexane","Ok",,,"CC(C)C(C)CCC","3 STAR: Molfile, Smiles, Name, CAS not in DSSTox","3 STAR: Molfile, Smiles, Name, CAS not in DSSTox, structure not in DSSTOX","CC(C)C(C)CCC","InChI=1S/C8H18/c1-5-6-8(4)7(2)3/h7-8H,5-6H2,1-4H3","JXPOLSKBTUYKJB-UHFFFAOYSA-N","Training",1.415,0.817,,,,,0
100080.0,"589-34-4","ValidCAS","3-Methylhexane","Ok","3-Methylhexane","3-methylhexane","CCC(C)CCC","4 STAR","4 STAR","CCC(C)CCC","InChI=1S/C7H16/c1-4-6-7(3)5-2/h7H,4-6H2,1-3H3","VLJXXKKOSFGPHI-UHFFFAOYSA-N","Training",0.9542,0.6893,44334.0,"DTXSID3044334","DSSTox_Low","DTXCID308974",1
100081.0,"589-43-5","ValidCAS","2,4-Dimethylhexane",,"Alkanes, C7-10-iso-","2,4-dimethylhexane","CC(C)CC(C)CC","3 STAR: Molfile, Smiles, Name, CAS not in DSSTox","4 STAR: CAS retrieved from DSSTOX: 90622-56-3","CC(C)CC(C)CC","InChI=1S/C8H18/c1-5-8(4)6-7(2)3/h7-8H,5-6H2,1-4H3","HDGQICNBXPAKLR-UHFFFAOYSA-N","Training",0.8451,0.817,29821.0,"DTXSID7029821","DSSTox_Low","DTXCID509821",1
100082.0,"589-53-7","ValidCAS","4-Methylheptane","Ok","4-Methylheptane","4-Methylheptane","CC(CCC)CCC","4 STAR","4 STAR","CC(CCC)CCC","InChI=1S/C8H18/c1-4-6-8(3)7-5-2/h8H,4-7H2,1-3H3","CHBAWFGIXDBEBT-UHFFFAOYSA-N","Training",0.6021,0.7557,60428.0,"DTXSID6060428","Public_High","DTXCID1042491",1
100083.0,"589-81-1","ValidCAS","3-Methylheptane","Ok",,,"C(CCCC)(CC)C","3 STAR: Molfile, Smiles, Name, CAS not in DSSTox","3 STAR: Molfile, Smiles, Name, CAS not in DSSTox, structure not in DSSTOX","CCCCC(C)CC","InChI=1S/C8H18/c1-4-6-7-8(3)5-2/h8H,4-7H2,1-3H3","LAIUFBWHERIJIH-UHFFFAOYSA-N","Training",0.4771,0.7557,,,,,0
100084.0,"590-35-2","ValidCAS","2,2-Dimethylpentane","Ok","Pentane, 2,2-dimethyl-","2,2-DIMETHYLPENTANE","CCCC(C)(C)C","4 STAR","4 STAR","CCCC(C)(C)C","InChI=1S/C7H16/c1-5-6-7(2,3)4/h5-6H2,1-4H3","CXOWYJMDMMMMJO-UHFFFAOYSA-N","Training",0.8451,0.9096,60439.0,"DTXSID5060439","Public_High","DTXCID2042513",1
100085.0,"590-73-8","ValidCAS","2,2-Dimethylhexane","Ok","Hexane, 2,2-dimethyl-","2,2-DIMETHYLHEXANE","CCCCC(C)(C)C","4 STAR","4 STAR","CCCCC(C)(C)C","InChI=1S/C8H18/c1-5-6-7-8(2,3)4/h5-7H2,1-4H3","FLTJDUOFAQWHDF-UHFFFAOYSA-N","Training",0.6021,0.976,73200.0,"DTXSID9073200","Public_High","DTXCID7042518",1
100086.0,"591-76-4","ValidCAS","2-Methylhexane","Ok","2-Methylhexane","2-methylhexane","CCCCC(C)C","4 STAR","4 STAR","CCCCC(C)C","InChI=1S/C7H16/c1-4-5-6-7(2)3/h7H,4-6H2,1-3H3","GXDHCNNESPLIKD-UHFFFAOYSA-N","Training",0.4771,0.6893,52256.0,"DTXSID5052256","DSSTox_Low","DTXCID0030827",1
100087.0,"592-13-2","ValidCAS","2,5-Dimethylhexane","Ok","2,5-Dimethylhexane","2,5-Dimethylhexane","CC(C)CCC(C)C","4 STAR","4 STAR","CC(C)CCC(C)C","InChI=1S/C8H18/c1-7(2)5-6-8(3)4/h7-8H,5-6H2,1-4H3","UWNADWZGEHDQAB-UHFFFAOYSA-N","Training",1.3979,0.817,73201.0,"DTXSID4073201","Public_High","DTXCID7042564",0
100088.0,"592-27-8","ValidCAS","2-Methylheptane","Ok","2-Methylheptane","2-Methylheptane","CCCCCC(C)C","4 STAR","4 STAR","CCCCCC(C)C","InChI=1S/C8H18/c1-4-5-6-7-8(2)3/h8H,4-7H2,1-3H3","JVSWJIKNEAIKJW-UHFFFAOYSA-N","Training",0.4771,0.7557,60460.0,"DTXSID2060460","Public_High","DTXCID7042566",1
100089.0,"593-45-3","ValidCAS","n-Octadecane","Ok","Octadecane","octadecane","CCCCCCCCCCCCCCCCCC","4 STAR","4 STAR","CCCCCCCCCCCCCCCCCC","InChI=1S/C18H38/c1-3-5-7-9-11-13-15-17-18-16-14-12-10-8-6-4-2/h3-18H2,1-2H3","RZJRJXONCZWCBN-UHFFFAOYSA-N","Training",1.3222,1.4689,47172.0,"DTXSID9047172","DSSTox_Low","DTXCID7027172",1
100090.0,"593-49-7","ValidCAS","n-Heptacosane","Ok","Heptacosane","Heptacosane","CCCCCCCCCCCCCCCCCCCCCCCCCCC","4 STAR","4 STAR","CCCCCCCCCCCCCCCCCCCCCCCCCCC","InChI=1S/C27H56/c1-3-5-7-9-11-13-15-17-19-21-23-25-27-26-24-22-20-18-16-14-12-10-8-6-4-2/h3-27H2,1-2H3","BJQWYEJQWHSSCJ-UHFFFAOYSA-N","Training",2.1492,1.956,58637.0,"DTXSID6058637","DSSTox_Low","DTXCID4032324",1
100091.0,"609-26-7","ValidCAS","2-Methyl-3-ethylpentane",,"Alkanes, C4-12","3-ethyl-2-methylpentane","CC(C)C(CC)CC","3 STAR: Molfile, Smiles, Name, CAS not in DSSTox","4 STAR: CAS retrieved from DSSTOX: 68333-81-3","CC(C)C(CC)CC","InChI=1S/C8H18/c1-5-8(6-2)7(3)4/h7-8H,5-6H2,1-4H3","DUPUVYJQZSLSJB-UHFFFAOYSA-N","Validation",0.7782,0.817,29429.0,"DTXSID5029429","DSSTox_Low","DTXCID909429",0
100092.0,"611-14-3","ValidCAS","1-Methyl-2-ethylbenzene","Ok","1-Ethyl-2-methylbenzene","1-ethyl-2-methylbenzene","Cc1ccccc1CC","4 STAR","4 STAR","Cc1ccccc1CC","InChI=1S/C9H12/c1-3-9-7-5-4-6-8(9)2/h4-7H,3H2,1-2H3","HYFLWBNQFMXCPA-UHFFFAOYSA-N","Validation",0.6021,0.6912,50403.0,"DTXSID2050403","DSSTox_Low","DTXCID5029477",1
100093.0,"617-78-7","ValidCAS","3-Ethylpentane","Ok","Pentane, 3-ethyl-","3-Ethylpentane","CCC(CC)CC","4 STAR","4 STAR","CCC(CC)CC","InChI=1S/C7H16/c1-4-7(5-2)6-3/h7H,4-6H2,1-3H3","AORMDLNPRGXHHL-UHFFFAOYSA-N","Training",0.6021,0.6893,73211.0,"DTXSID8073211","Public_High","DTXCID3043106",1
100094.0,"619-99-8","ValidCAS","3-Ethylhexane","Ok","3-Ethylhexane","3-Ethylhexane","CCCC(CC)CC","4 STAR","4 STAR","CCCC(CC)CC","InChI=1S/C8H18/c1-4-7-8(5-2)6-3/h8H,4-7H2,1-3H3","SFRKSDZMZHIISH-UHFFFAOYSA-N","Training",0.6021,0.7557,60713.0,"DTXSID6060713","Public_High","DTXCID5043186",1
100095.0,"620-14-4","ValidCAS","1-Methyl-3-ethylbenzene","Ok","3-Ethyltoluene","1-ethyl-3-methylbenzene","Cc1cccc(CC)c1","4 STAR","4 STAR","Cc1cccc(CC)c1","InChI=1S/C9H12/c1-3-9-6-4-5-8(2)7-9/h4-7H,3H2,1-2H3","ZLCSFXXPPANWQY-UHFFFAOYSA-N","Training",0.4771,0.6912,50386.0,"DTXSID6050386","DSSTox_High","DTXCID807876",0
100096.0,"622-96-8","ValidCAS","1-Methyl-4-ethylbenzene","Ok","4-Ethyltoluene","1-ethyl-4-methylbenzene","Cc1ccc(CC)cc1","4 STAR","4 STAR","Cc1ccc(CC)cc1","InChI=1S/C9H12/c1-3-9-6-4-8(2)5-7-9/h4-7H,3H2,1-2H3","JRLPEMVDPFPYPJ-UHFFFAOYSA-N","Training",0.6021,0.6912,29194.0,"DTXSID9029194","DSSTox_Low","DTXCID409194",1
100097.0,"629-50-5","ValidCAS","n-Tridecane","Ok","Tridecane","tridecane","CCCCCCCCCCCCC","4 STAR","4 STAR","CCCCCCCCCCCCC","InChI=1S/C13H28/c1-3-5-7-9-11-13-12-10-8-6-4-2/h3-13H2,1-2H3","IIYFAKIEWZDVMP-UHFFFAOYSA-N","Training",1.0792,1.1369,27266.0,"DTXSID6027266","DSSTox_Low","DTXCID307266",1
100098.0,"629-59-4","ValidCAS","n-Tetradecane","Ok","Tetradecane","tetradecane","CCCCCCCCCCCCCC","4 STAR","4 STAR","CCCCCCCCCCCCCC","InChI=1S/C14H30/c1-3-5-7-9-11-13-14-12-10-8-6-4-2/h3-14H2,1-2H3","BGHCVCJVXZWKCC-UHFFFAOYSA-N","Training",1.3617,1.2033,27267.0,"DTXSID1027267","DSSTox_Low","DTXCID707267",1
100099.0,"629-62-9","ValidCAS","n-Pentadecane","Ok","Pentadecane","pentadecane","CCCCCCCCCCCCCCC","4 STAR","4 STAR","CCCCCCCCCCCCCCC","InChI=1S/C15H32/c1-3-5-7-9-11-13-15-14-12-10-8-6-4-2/h3-15H2,1-2H3","YCOZIPAWZNQLMR-UHFFFAOYSA-N","Training",1.415,1.2697,27268.0,"DTXSID6027268","DSSTox_Low","DTXCID107268",0
100100.0,"629-78-7","ValidCAS","n-Heptadecane","Ok","Heptadecane","heptadecane","CCCCCCCCCCCCCCCCC","4 STAR","4 STAR","CCCCCCCCCCCCCCCCC","InChI=1S/C17H36/c1-3-5-7-9-11-13-15-17-16-14-12-10-8-6-4-2/h3-17H2,1-2H3","NDJKXXJCMXVBJW-UHFFFAOYSA-N","Training",1.301,1.4025,47061.0,"DTXSID7047061","DSSTox_Low","DTXCID5027061",1
100101.0,"629-92-5","ValidCAS","n-Nonadecane","Ok","Nonadecane","nonadecane","CCCCCCCCCCCCCCCCCCC","4 STAR","4 STAR","CCCCCCCCCCCCCCCCCCC","InChI=1S/C19H40/c1-3-5-7-9-11-13-15-17-19-18-16-14-12-10-8-6-4-2/h3-19H2,1-2H3","LQERIDTXQFOHKA-UHFFFAOYSA-N","Validation",1.2553,1.5353,47170.0,"DTXSID9047170","DSSTox_Low","DTXCID7027170",1
100102.0,"629-94-7","ValidCAS","n-Heneicosane","Ok","Heneicosane","henicosane","CCCCCCCCCCCCCCCCCCCCC","4 STAR","4 STAR","CCCCCCCCCCCCCCCCCCCCC","InChI=1S/C21H44/c1-3-5-7-9-11-13-15-17-19-21-20-18-16-14-12-10-8-6-4-2/h3-21H2,1-2H3","FNAZRRHPUDJQCJ-UHFFFAOYSA-N","Training",1.3979,1.6681,47097.0,"DTXSID9047097","DSSTox_Low","DTXCID7027097",1
100103.0,"629-97-0","ValidCAS","n-Docosane","Ok","Docosane","docosane","CCCCCCCCCCCCCCCCCCCCCC","4 STAR","4 STAR","CCCCCCCCCCCCCCCCCCCCCC","InChI=1S/C22H46/c1-3-5-7-9-11-13-15-17-19-21-22-20-18-16-14-12-10-8-6-4-2/h3-22H2,1-2H3","HOWGUJZVBDQJKV-UHFFFAOYSA-N","Validation",2.0969,1.624,47063.0,"DTXSID7047063","DSSTox_Low","DTXCID5027063",0
100104.0,"629-99-2","ValidCAS","n-Pentacosane","Ok","Pentacosane","PENTACOSANE","CCCCCCCCCCCCCCCCCCCCCCCCC","4 STAR","4 STAR","CCCCCCCCCCCCCCCCCCCCCCCCC","InChI=1S/C25H52/c1-3-5-7-9-11-13-15-17-19-21-23-25-24-22-20-18-16-14-12-10-8-6-4-2/h3-25H2,1-2H3","YKNWIILGEFFOPE-UHFFFAOYSA-N","Validation",2.0828,1.8232,60882.0,"DTXSID2060882","Public_High","DTXCID7043584",1
100105.0,"630-01-3","ValidCAS","n-Hexacosane","Ok","Hexacosane","HEXACOSANE","CCCCCCCCCCCCCCCCCCCCCCCCCC","4 STAR","4 STAR","CCCCCCCCCCCCCCCCCCCCCCCCCC","InChI=1S/C26H54/c1-3-5-7-9-11-13-15-17-19-21-23-25-26-24-22-20-18-16-14-12-10-8-6-4-2/h3-26H2,1-2H3","HMSWAIKSFDFLKN-UHFFFAOYSA-N","Training",2.0,1.8896,60883.0,"DTXSID7060883","Public_High","DTXCID3043601",1
100106.0,"630-02-4","ValidCAS","n-Octacosane","Ok","Octacosane","Octacosane","CCCCCCCCCCCCCCCCCCCCCCCCCCCC","4 STAR","4 STAR","CCCCCCCCCCCCCCCCCCCCCCCCCCCC","InChI=1S/C28H58/c1-3-5-7-9-11-13-15-17-19-21-23-25-27-28-26-24-22-20-18-16-14-12-10-8-6-4-2/h3-28H2,1-2H3","ZYURHZPYMFLWSH-UHFFFAOYSA-N","Training",2.0969,2.0224,58639.0,"DTXSID6058639","DSSTox_Low","DTXCID4032326",1
100107.0,"630-03-5","ValidCAS","n-Nonacosane","Ok","Nonacosane","Nonacosane","CCCCCCCCCCCCCCCCCCCCCCCCCCCCC","4 STAR","4 STAR","CCCCCCCCCCCCCCCCCCCCCCCCCCCCC","InChI=1S/C29H60/c1-3-5-7-9-11-13-15-17-19-21-23-25-27-29-28-26-24-22-20-18-16-14-12-10-8-6-4-2/h3-29H2,1-2H3","IGGUPRCHHJZPBS-UHFFFAOYSA-N","Training",2.0,2.0888,60884.0,"DTXSID2060884","Public_High","DTXCID8043602",0
100108.0,"630-04-6","ValidCAS","n-Hentriacontane","Ok","Hentriacontane","Hentriacontane","CCCCCCCCCCCCCCCCCCCCCCCCCCCCCCC","4 STAR","4 STAR","CCCCCCCCCCCCCCCCCCCCCCCCCCCCCCC","InChI=1S/C31H64/c1-3-5-7-9-11-13-15-17-19-21-23-25-27-29-31-30-28-26-24-22-20-18-16-14-12-10-8-6-4-2/h3-31H2,1-2H3","IUJAMGNYPWYUPM-UHFFFAOYSA-N","Validation",2.4409,2.3993,75443.0,"DTXSID0075443","Public_High","DTXCID3043603",1
100109.0,"630-05-7","ValidCAS","n-Tritriacontane","Ok","Tritriacontane","Tritriacontane","CCCCCCCCCCCCCCCCCCCCCCCCCCCCCCCCC","4 STAR","4 STAR","CCCCCCCCCCCCCCCCCCCCCCCCCCCCCCCCC","InChI=1S/C33H68/c1-3-5-7-9-11-13-15-17-19-21-23-25-27-29-31-33-32-30-28-26-24-22-20-18-16-14-12-10-8-6-4-2/h3-33H2,1-2H3","SUJUOAZFECLBOA-UHFFFAOYSA-N","Training",2.5599,2.5321,75444.0,"DTXSID5075444","Public_High","DTXCID8043604",1
100111.0,"638-67-5","ValidCAS","n-Tricosane","Ok","Tricosane","tricosane","CCCCCCCCCCCCCCCCCCCCCCC","4 STAR","4 STAR","CCCCCCCCCCCCCCCCCCCCCCC","InChI=1S/C23H48/c1-3-5-7-9-11-13-15-17-19-21-23-22-20-18-16-14-12-10-8-6-4-2/h3-23H2,1-2H3","FIGVVZUWCLSUEI-UHFFFAOYSA-N","Validation",2.1614,1.6904,47699.0,"DTXSID7047699","DSSTox_Low","DTXCID5027697",1
100112.0,"638-68-6","ValidCAS","n-Triacontane","Ok","Triacontane","TRIACONTANE","CCCCCCCCCCCCCCCCCCCCCCCCCCCCCC","4 STAR","4 STAR","CCCCCCCCCCCCCCCCCCCCCCCCCCCCCC","InChI=1S/C30H62/c1-3-5-7-9-11-13-15-17-19-21-23-25-27-29-30-28-26-24-22-20-18-16-14-12-10-8-6-4-2/h3-30H2,1-2H3","JXTPJDDICSTXJX-UHFFFAOYSA-N","Training",2.243,2.1552,60935.0,"DTXSID0060935","Public_High","DTXCID9044110",0
100113.0,"644-08-6","ValidCAS","4-Methylbiphenyl","Ok","4-Phenyltoluene","4-methylbiphenyl","Cc1ccc(cc1)-c1ccccc1","4 STAR","4 STAR","Cc1ccc(cc1)-c1ccccc1","InChI=1S/C13H12/c1-11-7-9-13(10-8-11)12-5-3-2-4-6-12/h2-10H,1H3","ZZLCFHIKESPLTH-UHFFFAOYSA-N","Validation",1.5798,1.4863,47177.0,"DTXSID4047177","DSSTox_Low","DTXCID2027177",1
100114.0,"646-31-1","ValidCAS","n-Tetracosane","Ok","Tetracosane","Tetracosane","CCCCCCCCCCCCCCCCCCCCCCCC","4 STAR","4 STAR","CCCCCCCCCCCCCCCCCCCCCCCC","InChI=1S/C24H50/c1-3-5-7-9-11-13-15-17-19-21-23-24-22-20-18-16-14-12-10-8-6-4-2/h3-24H2,1-2H3","POOSGDOYLQNASK-UHFFFAOYSA-N","Training",2.0569,1.7568,60955.0,"DTXSID8060955","Public_High","DTXCID7044346",1
100115.0,"767-60-2","ValidCAS","3-Methylindene","Ok","3-Methylindene","3-METHYL-1H-INDENE","CC1=CCc2ccccc21","4 STAR","4 STAR","CC1=CCc2ccccc21","InChI=1S/C10H10/c1-8-6-7-9-4-2-3-5-10(8)9/h2-6H,7H2,1H3","COOKKJGOGWACMY-UHFFFAOYSA-N","Training",0.4771,0.2215,227496.0,"DTXSID40227496","Public_Medium","DTXCID40149987",1
100116.0,"779-02-2","ValidCAS","9-Methylanthracene","Ok","9-Methylanthracene","9-METHYLANTHRACENE","Cc1c2ccccc2cc2ccccc21","4 STAR","4 STAR","Cc1c2ccccc2cc2ccccc21","InChI=1S/C15H12/c1-11-14-8-4-2-6-12(14)10-13-7-3-5-9-15(11)13/h2-10H,1H3","CPGPAVAKSZHMBP-UHFFFAOYSA-N","Validation",2.415,2.2937,61134.0,"DTXSID3061134","Public_High","DTXCID2048080",0
100117.0,"824-22-6","ValidCAS","4-Methylindan","Ok","4-Methylindan","4-methyl-2,3-dihydro-1H-indene","Cc1cccc2CCCc21","4 STAR","4 STAR","Cc1cccc2CCCc21","InChI=1S/C10H12/c1-8-4-2-5-9-6-3-7-10(8)9/h2,4-5H,3,6-7H2,1H3","LNNSODHYZXCEJP-UHFFFAOYSA-N","Training",0.301,0.4584,73931.0,"DTXSID7073931","Public_High","DTXCID7048293",1
100118.0,"832-69-9","ValidCAS","1-Methylphenanthrene","Ok","1-Methyl phenanthrene","1-methylphenanthrene","Cc1cccc2c3ccccc3ccc21","4 STAR","4 STAR","Cc1cccc2c3ccccc3ccc21","InChI=1S/C15H12/c1-11-5-4-8-15-13(11)10-9-12-6-2-3-7-14(12)15/h2-10H,1H3","DOWJXOHBNXRUOD-UHFFFAOYSA-N","Training",1.3617,1.379,25648.0,"DTXSID6025648","DSSTox_Low","DTXCID105648",1
100119.0,"874-35-1","ValidCAS","5-Methylindan","Ok","5-Methylindan","5-methyl-2,3-dihydro-1H-indene","Cc1cc2CCCc2cc1","4 STAR","4 STAR","Cc1cc2CCCc2cc1","InChI=1S/C10H12/c1-8-5-6-9-3-2-4-10(9)7-8/h5-7H,2-4H2,1H3","RFXBCGVZEJEYGG-UHFFFAOYSA-N","Training",0.301,0.4584,61245.0,"DTXSID5061245","Public_High","DTXCID2048585",1
100120.0,"874-41-9","ValidCAS","1,3-Dimethyl-4-ethylbenzene","Ok","1,3-Dimethyl-4-ethylbenzene","1-Ethyl-2,4-dimethylbenzene","CCc1ccc(C)cc1C","4 STAR","4 STAR","CCc1ccc(C)cc1C","InChI=1S/C10H14/c1-4-10-6-5-8(2)7-9(10)3/h5-7H,4H2,1-3H3","MEMBJMDZWKVOTB-UHFFFAOYSA-N","Training",0.6021,0.6861,61246.0,"DTXSID0061246","Public_High","DTXCID7048586",0
100121.0,"933-98-2","ValidCAS","1,2-Dimethyl-3-ethylbenzene","Ok",,,"c(c(c(cc1)C)C)(c1)CC","3 STAR: Molfile, Smiles, Name, CAS not in DSSTox","3 STAR: Molfile, Smiles, Name, CAS not in DSSTox, structure not in DSSTOX","CCc1cccc(C)c1C","InChI=1S/C10H14/c1-4-10-7-5-6-8(2)9(10)3/h5-7H,4H2,1-3H3","QUBBAXISAHIDNM-UHFFFAOYSA-N","Training",0.7782,0.6861,,,,,1
100122.0,"934-74-7","ValidCAS","1,3-Dimethyl-5-ethylbenzene","Ok","1,3-Dimethyl-5-ethylbenzene","1-Ethyl-3,5-dimethylbenzene","CCc1cc(C)cc(C)c1","4 STAR","4 STAR","CCc1cc(C)cc(C)c1","InChI=1S/C10H14/c1-4-10-6-8(2)5-9(3)7-10/h5-7H,4H2,1-3H3","LMAUULKNZLEMGN-UHFFFAOYSA-N","Validation",0.301,0.6861,61316.0,"DTXSID1061316","Public_High","DTXCID3048863",1
100123.0,"934-80-5","ValidCAS","1,2-Dimethyl-4-ethylbenzene","Ok","1,2-Dimethyl-4-ethylbenzene","4-Ethyl-1,2-dimethylbenzene","CCc1cc(C)c(C)cc1","4 STAR","4 STAR","CCc1cc(C)c(C)cc1","InChI=1S/C10H14/c1-4-10-6-5-8(2)9(3)7-10/h5-7H,4H2,1-3H3","SBUYFICWQNHBCM-UHFFFAOYSA-N","Validation",0.699,0.6861,61317.0,"DTXSID6061317","Public_High","DTXCID8048864",1
100124.0,"1069-53-0","ValidCAS","2,3,5-Trimethylhexane","Ok",,,"CC(C)C(C)CC(C)C","3 STAR: Molfile, Smiles, Name, CAS not in DSSTox","3 STAR: Molfile, Smiles, Name, CAS not in DSSTox, structure not in DSSTOX","CC(C)C(C)CC(C)C","InChI=1S/C9H20/c1-7(2)6-9(5)8(3)4/h7-9H,6H2,1-5H3","ODGLTLJZCVNPBU-UHFFFAOYSA-N","Training",0.9031,0.9447,,,,,0
100125.0,"1071-26-7","ValidCAS","2,2-Dimethylheptane","Ok","2,2-Dimethylheptane","2,2-Dimethylheptane","CCCCCC(C)(C)C","4 STAR","4 STAR","CCCCCC(C)(C)C","InChI=1S/C9H20/c1-5-6-7-8-9(2,3)4/h5-8H2,1-4H3","PSABUFWDVWCFDP-UHFFFAOYSA-N","Validation",0.7782,1.0424,61454.0,"DTXSID0061454","Public_High","DTXCID4033055",1
100126.0,"1074-17-5","ValidCAS","1-Methyl-2-n-propylbenzene","Ok","1-Methyl-2-propylbenzene","1-Methyl-2-propylbenzene","Cc1ccccc1CCC","4 STAR","4 STAR","Cc1ccccc1CCC","InChI=1S/C10H14/c1-3-6-10-8-5-4-7-9(10)2/h4-5,7-8H,3,6H2,1-2H3","YQZBFMJOASEONC-UHFFFAOYSA-N","Training",0.4771,0.7576,61466.0,"DTXSID4061466","Public_High","DTXCID2033075",1
100127.0,"1120-21-4","ValidCAS","n-Undecane","Ok","Undecane","C11H24","CCCCCCCCCCC","4 STAR","4 STAR","CCCCCCCCCCC","InChI=1S/C11H24/c1-3-5-7-9-11-10-8-6-4-2/h3-11H2,1-2H3","RSJKGSCJYJTIGS-UHFFFAOYSA-N","Validation",0.8451,1.0041,21689.0,"DTXSID9021689","DSSTox_High","DTXCID301689",1
100130.0,"1638-26-2","ValidCAS","1,1-Dimethylcyclopentane","Ok","1,1-Dimethylcyclopentane","1,1-Dimethylcyclopentane","CC1(C)CCCC1","4 STAR","4 STAR","CC1(C)CCCC1","InChI=1S/C7H14/c1-7(2)5-3-4-6-7/h3-6H2,1-2H3","QWHNJUXXYKPLQM-UHFFFAOYSA-N","Training",1.2788,1.3256,167662.0,"DTXSID00167662","Public_Medium","DTXCID7090153",0
100131.0,"1640-89-7","ValidCAS","Ethylcyclopentane","Ok","Cyclopentane, ethyl-","Ethylcyclopentane","CCC1CCCC1","4 STAR","4 STAR","CCC1CCCC1","InChI=1S/C7H14/c1-2-7-5-3-4-6-7/h7H,2-6H2,1H3","IFTRQJLVEBNKJK-UHFFFAOYSA-N","Validation",1.1761,0.8416,75109.0,"DTXSID5075109","Public_High","DTXCID8035265",1
100132.0,"1678-91-7","ValidCAS","Ethylcyclohexane","Ok","Ethylcyclohexane","ethylcyclohexane","CCC1CCCCC1","4 STAR","4 STAR","CCC1CCCCC1","InChI=1S/C8H16/c1-2-8-6-4-3-5-7-8/h8H,2-7H2,1H3","IIEWJVIFRVWJOD-UHFFFAOYSA-N","Training",0.301,0.9303,51779.0,"DTXSID1051779","DSSTox_High","DTXCID4030334",1
100133.0,"1758-88-9","ValidCAS","1,4-Dimethyl-2-ethylbenzene","Ok","2-Ethyl-p-xylene","2-Ethyl-1,4-dimethylbenzene","CCc1cc(C)ccc1C","4 STAR","4 STAR","CCc1cc(C)ccc1C","InChI=1S/C10H14/c1-4-10-7-8(2)5-6-9(10)3/h5-7H,4H2,1-3H3","AXIUBBVSOWPLDA-UHFFFAOYSA-N","Training",0.4771,0.6861,61951.0,"DTXSID0061951","Public_High","DTXCID5035587",1
100134.0,"1921-70-6","ValidCAS","Pristane","Warning: Structure is taken from ACD/Dictionary",,,"C(CCCC(CCCC(CCCC(C)C)C)C)(C)C","3 STAR: Molfile, Smiles, Name, CAS not in DSSTox","3 STAR: Molfile, Smiles, Name, CAS not in DSSTox, structure not in DSSTOX","CC(C)CCCC(C)CCCC(C)CCCC(C)C","InChI=1S/C19H40/c1-16(2)10-7-12-18(5)14-9-15-19(6)13-8-11-17(3)4/h16-19H,7-15H2,1-6H3","XOJVVFBFDXDTEG-UHFFFAOYSA-N","Training",1.6232,1.67,,,,,0
100135.0,"2177-47-1","ValidCAS","2-Methylindene","Ok","1H-Indene, 2-methyl-","2-METHYL-1H-INDENE","CC1Cc2ccccc2C=1","3 STAR:Molfile, Name, CAS","4 STAR: Smiles generated","CC1Cc2ccccc2C=1","InChI=1S/C10H10/c1-8-6-9-4-2-3-5-10(9)7-8/h2-6H,7H2,1H3","YSAXEHWHSLANOM-UHFFFAOYSA-N","Validation",0.4771,0.994,176173.0,"DTXSID00176173","Public_Medium","DTXCID7098664",1
100136.0,"2213-23-2","ValidCAS","2,4-Dimethylheptane","Ok",,,"CCCC(C)CC(C)C","3 STAR: Molfile, Smiles, Name, CAS not in DSSTox","3 STAR: Molfile, Smiles, Name, CAS not in DSSTox, structure not in DSSTOX","CC(C)CC(C)CCC","InChI=1S/C9H20/c1-5-6-9(4)7-8(2)3/h8-9H,5-7H2,1-4H3","AUKVIBNBLXQNIZ-UHFFFAOYSA-N","Training",0.7782,0.8834,,,,,1
100137.0,"2216-30-0","ValidCAS","2,5-Dimethylheptane","Ok",,,"CCC(C)CCC(C)C","3 STAR: Molfile, Smiles, Name, CAS not in DSSTox","3 STAR: Molfile, Smiles, Name, CAS not in DSSTox, structure not in DSSTOX","CC(C)CCC(C)CC","InChI=1S/C9H20/c1-5-9(4)7-6-8(2)3/h8-9H,5-7H2,1-4H3","HQZHQNKZOYIKQC-UHFFFAOYSA-N","Validation",0.7782,0.8834,,,,,1
100138.0,"2216-33-3","ValidCAS","3-Methyloctane","Ok",,,"CCC(C)CCCCC","3 STAR: Molfile, Smiles, Name, CAS not in DSSTox","3 STAR: Molfile, Smiles, Name, CAS not in DSSTox, structure not in DSSTOX","CCCCCC(C)CC","InChI=1S/C9H20/c1-4-6-7-8-9(3)5-2/h9H,4-8H2,1-3H3","SEEOMASXHIJCDV-UHFFFAOYSA-N","Validation",0.699,0.8221,,,,,0
100139.0,"2216-34-4","ValidCAS","4-Methyloctane","Ok",,,"CCCC(C)CCCC","3 STAR: Molfile, Smiles, Name, CAS not in DSSTox","3 STAR: Molfile, Smiles, Name, CAS not in DSSTox, structure not in DSSTOX","CC(CCC)CCCC","InChI=1S/C9H20/c1-4-6-8-9(3)7-5-2/h9H,4-8H2,1-3H3","DOGIHOCMZJUJNR-UHFFFAOYSA-N","Validation",0.699,0.8221,,,,,1
100140.0,"2292-79-7","ValidCAS","Diadamantane",,"Congressane",,"C15CC(C(CC2CC34)C4C1)C(C3C5)C2","3 STAR: Molfile, Smiles, CAS","4 STAR: Name retrieved from DSSTOX","C1C2C3CC4CC5C(CC1CC53)C2C4","InChI=1S/C14H20/c1-7-2-12-10-4-8-5-11(9(1)10)13(3-7)14(12)6-8/h7-14H,1-6H2","ZICQBHNGXDOVJF-UHFFFAOYSA-N","Training",3.301,2.9349,177464.0,"DTXSID60177464","Public_Medium","DTXCID9099955",1
100141.0,"2294-82-8","ValidCAS","9-Ethylfluorene","Ok",,,"CCC1C3=C(C=CC=C3)C2=C1C=CC=C2","3 STAR: Molfile, Smiles, Name, CAS not in DSSTox","3 STAR: Molfile, Smiles, Name, CAS not in DSSTox, structure not in DSSTOX","CCC1c2ccccc2-c2ccccc21","InChI=1S/C15H14/c1-2-11-12-7-3-5-9-14(12)15-10-6-4-8-13(11)15/h3-11H,2H2,1H3","QBBCCEYJCKGWIK-UHFFFAOYSA-N","Training",1.4624,1.5772,,,,,1
100142.0,"2381-21-7","ValidCAS","Methylpyrene","Warning: Ambiguity is possible","1-Methylpyrene","1-methylpyrene","Cc1ccc2ccc3cccc4ccc1c2c34","4 STAR","4 STAR","Cc1ccc2ccc3cccc4ccc1c2c34","InChI=1S/C17H12/c1-11-5-6-14-8-7-12-3-2-4-13-9-10-15(11)17(14)16(12)13/h2-10H,1H3","KBSPJIWZDWBDGM-UHFFFAOYSA-N","Training",1.9638,2.0365,25654.0,"DTXSID0025654","DSSTox_Low","DTXCID805654",0
100143.0,"2452-99-5","ValidCAS","1,2-Dimethylcyclopentane","Ok",,,"C(CC1C)CC1C","3 STAR: Molfile, Smiles, Name, CAS not in DSSTox","3 STAR: Molfile, Smiles, Name, CAS not in DSSTox, structure not in DSSTOX","CC1CCCC1C","InChI=1S/C7H14/c1-6-4-3-5-7(6)2/h6-7H,3-5H2,1-2H3","RIRARCHMRDHZAR-UHFFFAOYSA-N","Validation",0.6021,0.6167,,,,,1
100144.0,"2453-00-1","ValidCAS","1,3-Dimethylcyclopentane","Ok",,,"C1(C)CC(C)CC1","3 STAR: Molfile, Smiles, Name, CAS not in DSSTox","3 STAR: Molfile, Smiles, Name, CAS not in DSSTox, structure not in DSSTOX","CC1CC(C)CC1","InChI=1S/C7H14/c1-6-3-4-7(2)5-6/h6-7H,3-5H2,1-2H3","XAZKFISIRYLAEE-UHFFFAOYSA-N","Training",0.6021,0.6167,,,,,1
100145.0,"2531-84-2","ValidCAS","2-Methylphenanthrene","Ok","2-Methyl phenanthrene","2-methylphenanthrene","Cc1cc2ccc3ccccc3c2cc1","4 STAR","4 STAR","Cc1cc2ccc3ccccc3c2cc1","InChI=1S/C15H12/c1-11-6-9-15-13(10-11)8-7-12-4-2-3-5-14(12)15/h2-10H,1H3","KANLOADZXMMCQA-UHFFFAOYSA-N","Training",1.3617,1.379,25649.0,"DTXSID1025649","DSSTox_Low","DTXCID505649",1
100146.0,"2825-82-3","ValidCAS","exo-Tetrahydrodi(cyclopentadiene)",,"Octahydro-exo-4,7-methano-1H-indene","C10H16","C(C(C(C1C2)CC3)C3)(C1)C2","3 STAR Enhanced Stereochemistry: Molfile, Smiles, CAS","4 STAR: Name retrieved from DSSTOX","C1C2CCC1C1CCCC21","InChI=1S/C10H16/c1-2-9-7-4-5-8(6-7)10(9)3-1/h7-10H,1-6H2","LPSXSORODABQKT-UHFFFAOYSA-N","Training",3.0,1.7129,29244.0,"DTXSID2029244","DSSTox_High","DTXCID00809530",0
100147.0,"3221-61-2","ValidCAS","2-Methyloctane","Ok",,,"CC(C)CCCCCC","3 STAR: Molfile, Smiles, Name, CAS not in DSSTox","3 STAR: Molfile, Smiles, Name, CAS not in DSSTox, structure not in DSSTOX","CCCCCCC(C)C","InChI=1S/C9H20/c1-4-5-6-7-8-9(2)3/h9H,4-8H2,1-3H3","ZUBZATZOEPUUQF-UHFFFAOYSA-N","Training",0.699,0.8221,,,,,1
100149.0,"3522-94-9","ValidCAS","2,2,5-Trimethylhexane","Ok","Hexane, 2,2,5-trimethyl-","2,2,5-Trimethylhexane","CC(C)CCC(C)(C)C","4 STAR","4 STAR","CC(C)CCC(C)(C)C","InChI=1S/C9H20/c1-8(2)6-7-9(3,4)5/h8H,6-7H2,1-5H3","HHOSMYBYIHNXNO-UHFFFAOYSA-N","Training",1.2553,1.1037,73326.0,"DTXSID0073326","Public_High","DTXCID0038968",1
100152.0,"14167-59-0","ValidCAS","n-Tetratriacontane","Ok","Tetratriacontane","Tetratriacontane","CCCCCCCCCCCCCCCCCCCCCCCCCCCCCCCCCC","4 STAR","4 STAR","CCCCCCCCCCCCCCCCCCCCCCCCCCCCCCCCCC","InChI=1S/C34H70/c1-3-5-7-9-11-13-15-17-19-21-23-25-27-29-31-33-34-32-30-28-26-24-22-20-18-16-14-12-10-8-6-4-2/h3-34H2,1-2H3","GWVDBZWVFGFBCN-UHFFFAOYSA-N","Training",2.5832,2.5985,58622.0,"DTXSID7058622","DSSTox_Low","DTXCID1032309",1
100153.0,"15869-89-3","ValidCAS","2,5-Dimethyloctane","Ok",,,"CCCC(C)CCC(C)C","3 STAR: Molfile, Smiles, Name, CAS not in DSSTox","3 STAR: Molfile, Smiles, Name, CAS not in DSSTox, structure not in DSSTOX","CC(C)CCC(C)CCC","InChI=1S/C10H22/c1-5-6-10(4)8-7-9(2)3/h9-10H,5-8H2,1-4H3","HOAAQUNESXYFDT-UHFFFAOYSA-N","Training",0.301,0.9498,,,,,0
100154.0,"21964-49-8","ValidCAS","1,13-Tetradecadiene","Ok","Tetradeca-1,13-diene","Tetradeca-1,13-diene","C=CCCCCCCCCCCC=C","4 STAR","4 STAR","C=CCCCCCCCCCCC=C","InChI=1S/C14H26/c1-3-5-7-9-11-13-14-12-10-8-6-4-2/h3-4H,1-2,5-14H2","XMRSTLBCBDIKFI-UHFFFAOYSA-N","Training",1.1139,1.1139,176373.0,"DTXSID80176373","Public_Medium","DTXCID3098864",1
100159.0,"28804-88-8","ValidCAS","Dimethylnaphthalene",,"1,2-Dimethylnapthalene","1,2-dimethylnaphthalene","Cc1c(ccc2c1cccc2)C","3 STAR: Molfile, Smiles, Name, CAS not in DSSTox","4 STAR: CAS retrieved from DSSTOX: 573-98-8","Cc1ccc2ccccc2c1C","InChI=1S/C12H12/c1-9-7-8-11-5-3-4-6-12(11)10(9)2/h3-8H,1-2H3","QNLZIZAQLLYXTC-UHFFFAOYSA-N","Training",1.1761,1.1526,58717.0,"DTXSID1058717","DSSTox_High","DTXCID605130",0
100161.0,"30232-26-9","ValidCAS","Trimethylphenanthrene","Warning: Ambiguity is possible","Phenanthrene, trimethyl-","1,5,9-trimethylphenanthrene","Cc1cc2c(c3c1cccc3C)cccc2C","3 STAR: Molfile, Smiles, CAS","4 STAR: Name retrieved from DSSTOX","Cc1cc2c(cccc2C)c2c1cccc2C","InChI=1S/C17H16/c1-11-6-4-9-15-16(11)10-13(3)14-8-5-7-12(2)17(14)15/h4-10H,1-3H3","RPXNJRYZAWDANB-UHFFFAOYSA-N","Validation",1.9191,1.7865,184328.0,"DTXSID90184328","Public_Medium","DTXCID00106819",1
