"DTXSID","CASRN","PREFERRED_NAME","SMILES","INCHIKEY","QSAR_READY_SMILES","Human.Clint","Rat.Clint","tr_tst"
"DTXSID0020442","94-75-7","2,4-Dichlorophenoxyacetic acid","OC(=O)COC1=C(Cl)C=C(Cl)C=C1","OVSKIKFHRZPJSS-UHFFFAOYSA-N","OC(=O)COC1=C(Cl)C=C(Cl)C=C1",0.0,0.0,"tr"
"DTXSID7024035","94-82-6","2,4-DB","OC(=O)CCCOC1=CC=C(Cl)C=C1Cl","YIVXMZJTEQBPQO-UHFFFAOYSA-N","OC(=O)CCCOC1=CC=C(Cl)C=C1Cl",0.0,,"tr"
"DTXSID0037495","1007-28-9","Deisopropylatrazine","CCNC1=NC(N)=NC(Cl)=N1","IVENSCMCQBJAKW-UHFFFAOYSA-N","CCNC1=NC(N)=NC(Cl)=N1",0.0,,"tr"
"DTXSID0034300","135410-20-7","Acetamiprid","CN(CC1=CN=C(Cl)C=C1)C(\C)=N\C#N","WCXDHFDTOYPNIE-RIYZIHGNSA-N","[H]N[C@@H](CC1=CC=CC=C1)C(=O)N[C@@H](C)C(=O)N[C@@H]([C@@H](C)CC)C(=O)N[C@@H](CC(C)C)C(O)=O",0.0,,"tr"
"DTXSID0023901","25057-89-0","Bentazone","CC(C)N1C(=O)C2=C(NS1(=O)=O)C=CC=C2","ZOMSMJKLGFBRBS-UHFFFAOYSA-N","CC(C)N1C(=O)C2=C(NS1(=O)=O)C=CC=C2",0.0,0.0,"tr"
"DTXSID4022020","314-40-9","Bromacil","CCC(C)N1C(=O)NC(C)=C(Br)C1=O","CTSLUCNDVMMDHG-UHFFFAOYSA-N","CCC(C)N1C(=O)N=C(C)C(Br)C1=O",0.0,,"tr"
"DTXSID9034232","101-10-0","Cloprop","CC(OC1=CC(Cl)=CC=C1)C(O)=O","YNTJKQDWYXUTLZ-UHFFFAOYSA-N","CC(OC1=CC(Cl)=CC=C1)C(O)=O",0.0,,"tr"
"DTXSID6023999","66215-27-8","Cyromazine","NC1=NC(NC2CC2)=NC(N)=N1","LVQDKIWDGQRHTE-UHFFFAOYSA-N","NC1=NC(NC2CC2)=NC(N)=N1",0.0,,"tr"
"DTXSID6024048","43222-48-6","Difenzoquat metilsulfate","COS([O-])(=O)=O.CN1C(=CC(C2=CC=CC=C2)=[N+]1C)C1=CC=CC=C1","XQEMNBNCQVQXMO-UHFFFAOYSA-M","CN1C(=CC(C2=CC=CC=C2)=[N+]1C)C1=CC=CC=C1",0.0,,"tr"
"DTXSID7034753","173159-57-4","Foramsulfuron","COC1=CC(OC)=NC(NC(=O)NS(=O)(=O)C2=C(C=CC(NC=O)=C2)C(=O)N(C)C)=N1","PXDNXJSDGQBLKS-UHFFFAOYSA-N","COC1=CC(OC)=NC(NC(=O)NS(=O)(=O)C2=C(C=CC(NC=O)=C2)C(=O)N(C)C)=N1",0.0,,"tr"
"DTXSID0034930","98886-44-3","Fosthiazate","CCOP(=O)(SC(C)CC)N1CCSC1=O","DUFVKSUJRWYZQP-UHFFFAOYSA-N","CCOP(=O)(SC(C)CC)N1CCSC1=O",0.0,,"tr"
"DTXSID9034650","100784-20-1","Halosulfuron-methyl","COC(=O)C1=C(N(C)N=C1Cl)S(=O)(=O)NC(=O)NC1=NC(OC)=CC(OC)=N1","FMGZEUWROYGLAY-UHFFFAOYSA-N","COC(=O)C1=C(N(C)N=C1Cl)S(=O)(=O)NC(=O)NC1=NC(OC)=CC(OC)=N1",0.0,9.95,"tr"
"DTXSID5034270","104098-48-8","Imazapic","CC(C)C1(C)NC(=NC1=O)C1=NC=C(C)C=C1C(O)=O","PVSGXWMWNRGTKE-UHFFFAOYSA-N","CC(C)C1(C)NC(=NC1=O)C1=NC=C(C)C=C1C(O)=O",0.0,,"tr"
"DTXSID4024195","94-74-6","MCPA","CC1=C(OCC(O)=O)C=CC(Cl)=C1","WHKUVVPPKQRRBV-UHFFFAOYSA-N","CC1=C(OCC(O)=O)C=CC(Cl)=C1",0.0,0.0,"tr"
"DTXSID6021086","23135-22-0","Oxamyl","CNC(=O)ON=C(SC)C(=O)N(C)C","KZAUOCCYDRDERY-UITAMQMPSA-N","CNC(=O)ON=C(SC)C(=O)N(C)C",0.0,,"tr"
"DTXSID4023412","6153-64-6","Oxytetracycline dihydrate","O.O.CN(C)[C@H]1[C@@H]2[C@@H](O)[C@H]3C(=C(O)[C@]2(O)C(=O)C(C(N)=O)=C1O)C(=O)C1=C(C=CC=C1O)[C@@]3(C)O","SRRPEXWCHWWJOC-JEKSYDDFSA-N","CN(C)C1C2C(O)C3C(C(=O)C4=C(C=CC=C4O)C3(C)O)C(=O)C2(O)C(=O)C(C(N)=O)C1=O",0.0,,"tr"
"DTXSID0034803","219714-96-2","Penoxsulam","COC1=CN=C(OC)N2N=C(NS(=O)(=O)C3=C(C=CC=C3OCC(F)F)C(F)(F)F)N=C12","SYJGKVOENHZYMQ-UHFFFAOYSA-N","COC1=CN=C(OC)N2N=C(NS(=O)(=O)C3=C(C=CC=C3OCC(F)F)C(F)(F)F)N=C12",0.0,,"tr"
"DTXSID3031864","1763-23-1","Perfluorooctanesulfonic acid","OS(=O)(=O)C(F)(F)C(F)(F)C(F)(F)C(F)(F)C(F)(F)C(F)(F)C(F)(F)C(F)(F)F","YFSUTJLHUFNCNZ-UHFFFAOYSA-N","OS(=O)(=O)C(F)(F)C(F)(F)C(F)(F)C(F)(F)C(F)(F)C(F)(F)C(F)(F)C(F)(F)F",0.0,0.0,"tr"
"DTXSID2034881","124495-18-7","Quinoxyfen","FC1=CC=C(OC2=CC=NC3=CC(Cl)=CC(Cl)=C23)C=C1","WRPIRSINYZBGPK-UHFFFAOYSA-N","FC1=CC=C(OC2=CC=NC3=CC(Cl)=CC(Cl)=C23)C=C1",0.0,,"tr"
"DTXSID1032642","122931-48-0","Rimsulfuron","CCS(=O)(=O)C1=CC=CN=C1S(=O)(=O)NC(=O)NC1=NC(OC)=CC(OC)=N1","MEFOUWRMVYJCQC-UHFFFAOYSA-N","CCS(=O)(=O)C1=CC=CN=C1S(=O)(=O)NC(=O)NC1=NC(OC)=CC(OC)=N1",0.0,0.0,"tr"
"DTXSID2039336","28434-00-6","S-Bioallethrin","CC(C)=C[C@@H]1[C@@H](C(=O)O[C@H]2CC(=O)C(CC=C)=C2C)C1(C)C","ZCVAOQKBXKSDMS-PVAVHDDUSA-N","CC(C)=CC1C(C(=O)OC2CC(=O)C(CC=C)=C2C)C1(C)C",0.0,134.36,"tr"
"DTXSID0021337","148-79-8","Thiabendazole","N1C2=C(C=CC=C2)N=C1C1=CSC=N1","WJCNZQLZVWNLKY-UHFFFAOYSA-N","N1C2=C(C=CC=C2)N=C1C1=CSC=N1",0.0,,"tr"
"DTXSID0032493","55219-65-3","Triadimenol","CC(C)(C)C(O)C(OC1=CC=C(Cl)C=C1)N1C=NC=N1","BAZVSMNPJJMILC-UHFFFAOYSA-N","CC(C)(C)C(O)C(OC1=CC=C(Cl)C=C1)N1C=NC=N1",0.0,,"tr"
"DTXSID0032497","55335-06-3","Triclopyr","OC(=O)COC1=C(Cl)C=C(Cl)C(Cl)=N1","REEQLXCGVXDJSQ-UHFFFAOYSA-N","OC(=O)COC1=C(Cl)C=C(Cl)C(Cl)=N1",0.0,,"tr"
"DTXSID0021094","101-80-4","4,4'-Oxydianiline","NC1=CC=C(OC2=CC=C(N)C=C2)C=C1","HLBLWEWZXPIGSM-UHFFFAOYSA-N","NC1=CC=C(OC2=CC=C(N)C=C2)C=C1",0.0,,"tr"
"DTXSID3025178","102-06-7","1,3-Diphenylguanidine","N=C(NC1=CC=CC=C1)NC1=CC=CC=C1","OWRCNXZUPFZXOS-UHFFFAOYSA-N","N=C(NC1=CC=CC=C1)NC1=CC=CC=C1",0.0,,"tr"
"DTXSID3024368","112-50-5","2-[2-(2-Ethoxyethoxy)ethoxy]ethanol","CCOCCOCCOCCO","WFSMVVDJSNMRAR-UHFFFAOYSA-N","CCOCCOCCOCCO",0.0,,"tr"
"DTXSID5024059","119-93-7","3,3'-Dimethylbenzidine","CC1=CC(=CC=C1N)C1=CC=C(N)C(C)=C1","NUIURNJTPRWVAP-UHFFFAOYSA-N","CC1=CC(=CC=C1N)C1=CC=C(N)C(C)=C1",0.0,,"tr"
"DTXSID0020529","121-14-2","2,4-Dinitrotoluene","CC1=C(C=C(C=C1)[N+]([O-])=O)[N+]([O-])=O","RMBFBMJGBANMMK-UHFFFAOYSA-N","CC1=C(C=C(C=C1)[N+]([O-])=O)[N+]([O-])=O",0.0,,"tr"
"DTXSID3021986","126-73-8","Tributyl phosphate","CCCCOP(=O)(OCCCC)OCCCC","STCOOQWBFONSKY-UHFFFAOYSA-N","CCCCOP(=O)(OCCCC)OCCCC",0.0,,"tr"
"DTXSID6021244","13292-46-1","Rifampicin","CO[C@H]1\C=C\O[C@@]2(C)OC3=C(C2=O)C2=C(C(O)=C3C)C(O)=C(NC(=O)\C(C)=C/C=C/[C@H](C)[C@H](O)[C@@H](C)[C@@H](O)[C@@H](C)[C@H](OC(C)=O)[C@@H]1C)C(\C=N\N1CCN(C)CC1)=C2O","JQXXHWHPUNPDRT-WLSIYKJHSA-N","COC1C=COC2(C)OC3=C(C2=O)C2=C(O)C(C=NN4CCN(C)CC4)=C(NC(=O)C(C)=CC=CC(C)C(O)C(C)C(O)C(C)C(OC(C)=O)C1C)C(O)=C2C(O)=C3C",0.0,,"tr"
"DTXSID5024051","1445-75-6","Diisopropyl methylphosphonate","CC(C)OP(C)(=O)OC(C)C","WOAFDHWYKSOANX-UHFFFAOYSA-N","CC(C)OP(C)(=O)OC(C)C",0.0,,"tr"
"DTXSID4020537","147-24-0","Diphenhydramine hydrochloride","Cl.CN(C)CCOC(C1=CC=CC=C1)C1=CC=CC=C1","PCHPORCSPXIHLZ-UHFFFAOYSA-N","CN(C)CCOC(C1=CC=CC=C1)C1=CC=CC=C1",0.0,,"tr"
"DTXSID5021097","2058-46-0","Oxytetracycline hydrochloride","Cl.CN(C)[C@H]1[C@@H]2[C@@H](O)[C@H]3C(=C(O)[C@]2(O)C(=O)C(C(N)=O)=C1O)C(=O)C1=C(C=CC=C1O)[C@@]3(C)O","UBDNTYUBJLXUNN-IFLJXUKPSA-N","CN(C)C1C2C(O)C3C(C(=O)C4=C(C=CC=C4O)C3(C)O)C(=O)C2(O)C(=O)C(C(N)=O)C1=O",0.0,,"tr"
"DTXSID8047553","2058-94-8","Perfluoroundecanoic acid","OC(=O)C(F)(F)C(F)(F)C(F)(F)C(F)(F)C(F)(F)C(F)(F)C(F)(F)C(F)(F)C(F)(F)C(F)(F)F","SIDINRCMMRKXGQ-UHFFFAOYSA-N","OC(=O)C(F)(F)C(F)(F)C(F)(F)C(F)(F)C(F)(F)C(F)(F)C(F)(F)C(F)(F)C(F)(F)C(F)(F)F",0.0,,"tr"
"DTXSID3020916","2243-62-1","1,5-Naphthalenediamine","NC1=CC=CC2=C(N)C=CC=C12","KQSABULTKYLFEV-UHFFFAOYSA-N","NC1=CC=CC2=C(N)C=CC=C12",0.0,,"tr"
"DTXSID9043938","2528-16-7","Monobenzyl phthalate","OC(=O)C1=C(C=CC=C1)C(=O)OCC1=CC=CC=C1","XIKIUQUXDNHBFR-UHFFFAOYSA-N","OC(=O)C1=C(C=CC=C1)C(=O)OCC1=CC=CC=C1",0.0,,"tr"
"DTXSID8037706","2795-39-3","Potassium perfluorooctanesulfonate","[K+].[O-]S(=O)(=O)C(F)(F)C(F)(F)C(F)(F)C(F)(F)C(F)(F)C(F)(F)C(F)(F)C(F)(F)F","WFRUBUQWJYMMRQ-UHFFFAOYSA-M","OS(=O)(=O)C(F)(F)C(F)(F)C(F)(F)C(F)(F)C(F)(F)C(F)(F)C(F)(F)C(F)(F)F",0.0,,"tr"
"DTXSID4032459","298-02-2","Phorate","CCOP(=S)(OCC)SCSCC","BULVZWIRKLYCBC-UHFFFAOYSA-N","CCOP(=S)(OCC)SCSCC",0.0,,"tr"
"DTXSID8020127","30516-87-1","3'-Azido-3'-deoxythymidine","CC1=CN([C@H]2C[C@H](N=[N+]=[N-])[C@@H](CO)O2)C(=O)NC1=O","HBOMLICNUCNMMY-XLPZGREQSA-N","CC1=CN(C2CC(N=[N+]=[N-])C(CO)O2)C(=O)N=C1O",0.0,2.98,"tr"
"DTXSID3031862","307-24-4","Perfluorohexanoic acid","OC(=O)C(F)(F)C(F)(F)C(F)(F)C(F)(F)C(F)(F)F","PXUULQAPEKKVAH-UHFFFAOYSA-N","OC(=O)C(F)(F)C(F)(F)C(F)(F)C(F)(F)C(F)(F)F",0.0,,"tr"
"DTXSID8020040","309-00-2","Aldrin","ClC1=C(Cl)[C@]2(Cl)[C@@H]3[C@@H]4C[C@@H](C=C4)[C@@H]3[C@@]1(Cl)C2(Cl)Cl","QBYJBZPUGVGKQQ-SJJAEHHWSA-N","ClC1=C(Cl)C2(Cl)C3C4CC(C=C4)C3C1(Cl)C2(Cl)Cl",0.0,,"tr"
"DTXSID1038321","3739-38-6","3-Phenoxybenzoic acid","OC(=O)C1=CC(OC2=CC=CC=C2)=CC=C1","NXTDJHZGHOFSQG-UHFFFAOYSA-N","OC(=O)C1=CC(OC2=CC=CC=C2)=CC=C1",0.0,,"tr"
"DTXSID1037303","375-85-9","Perfluoroheptanoic acid","OC(=O)C(F)(F)C(F)(F)C(F)(F)C(F)(F)C(F)(F)C(F)(F)F","ZWBAMYVPMDSJGQ-UHFFFAOYSA-N","OC(=O)C(F)(F)C(F)(F)C(F)(F)C(F)(F)C(F)(F)C(F)(F)F",0.0,,"tr"
"DTXSID8031863","375-95-1","Perfluorononanoic acid","OC(=O)C(F)(F)C(F)(F)C(F)(F)C(F)(F)C(F)(F)C(F)(F)C(F)(F)C(F)(F)F","UZUFPBIDKMEQEQ-UHFFFAOYSA-N","OC(=O)C(F)(F)C(F)(F)C(F)(F)C(F)(F)C(F)(F)C(F)(F)C(F)(F)C(F)(F)F",0.0,,"tr"
"DTXSID3037709","3871-99-6","Potassium perfluorohexanesulfonate","[K+].[O-]S(=O)(=O)C(F)(F)C(F)(F)C(F)(F)C(F)(F)C(F)(F)C(F)(F)F","RSCGQEBKFSGWJT-UHFFFAOYSA-M","OS(=O)(=O)C(F)(F)C(F)(F)C(F)(F)C(F)(F)C(F)(F)C(F)(F)F",0.0,,"tr"
"DTXSID8022828","4291-63-8","Cladribine","NC1=NC(Cl)=NC2=C1N=CN2[C@H]1C[C@H](O)[C@@H](CO)O1","PTOAARAWEBMLNO-KVQBGUIXSA-N","NC1=C2N=CN(C3CC(O)C(CO)O3)C2=NC(Cl)=N1",0.0,,"tr"
"DTXSID0020523","51-28-5","2,4-Dinitrophenol","OC1=C(C=C(C=C1)[N+]([O-])=O)[N+]([O-])=O","UFBJCMHMOXMLKC-UHFFFAOYSA-N","OC1=C(C=C(C=C1)[N+]([O-])=O)[N+]([O-])=O",0.0,,"tr"
"DTXSID0020232","58-08-2","Caffeine","CN1C=NC2=C1C(=O)N(C)C(=O)N2C","RYYVLZVUVIJVGH-UHFFFAOYSA-N","CN1C=NC2=C1C(=O)N(C)C(=O)N2C",0.0,,"tr"
"DTXSID6020561","72-20-8","Endrin","ClC1=C(Cl)[C@]2(Cl)[C@@H]3[C@H]4C[C@H]([C@@H]5O[C@H]45)[C@@H]3[C@@]1(Cl)C2(Cl)Cl","DFBKLUNHFCTMDC-GKRDHZSOSA-N","ClC1=C(Cl)C2(Cl)C3C4CC(C5OC45)C3C1(Cl)C2(Cl)Cl",0.0,,"tr"
"DTXSID4020373","72-54-8","p,p'-DDD","ClC(Cl)C(C1=CC=C(Cl)C=C1)C1=CC=C(Cl)C=C1","AHJKRLASYNVKDZ-UHFFFAOYSA-N","ClC(Cl)C(C1=CC=C(Cl)C=C1)C1=CC=C(Cl)C=C1",0.0,,"tr"
"DTXSID3020207","88-85-7","Dinoseb","CCC(C)C1=CC(=CC(=C1O)[N+]([O-])=O)[N+]([O-])=O","OWZPCEFYPSAJFR-UHFFFAOYSA-N","CCC(C)C1=CC(=CC(=C1O)[N+]([O-])=O)[N+]([O-])=O",0.0,,"tr"
"DTXSID5023877","90-04-0","2-Anisidine","COC1=CC=CC=C1N","VMPITZXILSNTON-UHFFFAOYSA-N","COC1=CC=CC=C1N",0.0,,"tr"
"DTXSID7020348","91-64-5","Coumarin","O=C1OC2=C(C=CC=C2)C=C1","ZYGHJZDHTFUPRJ-UHFFFAOYSA-N","O=C1OC2=C(C=CC=C2)C=C1",0.0,,"tr"
"DTXSID7021310","23031-25-6","Terbutaline","CC(C)(C)NCC(O)C1=CC(O)=CC(O)=C1","XWTYSIMOBUGWOL-UHFFFAOYSA-N","CC(C)(C)NCC(O)C1=CC(O)=CC(O)=C1",0.0,,"tr"
"DTXSID1042574","15676-16-1","Sulpiride","CCN1CCCC1CNC(=O)C1=C(OC)C=CC(=C1)S(N)(=O)=O","BGRJTUBHPOOWDU-UHFFFAOYSA-N","CCN1CCCC1CNC(=O)C1=C(OC)C=CC(=C1)S(N)(=O)=O",0.0,,"tr"
"DTXSID40143768","101193-40-2","Quinotolast","O=C(NC1=NNN=N1)C1=CC(OC2=CC=CC=C2)=C2C=CC=CN2C1=O","ZUPLNRDTYQWUHP-UHFFFAOYSA-N","O=C(NC1=NNN=N1)C1=CC(OC2=CC=CC=C2)=C2C=CC=CN2C1=O",0.0,0.0,"tr"
"DTXSID5021122","50-06-6","Phenobarbital","CCC1(C(=O)NC(=O)NC1=O)C1=CC=CC=C1","DDBREPKUVSBGFI-UHFFFAOYSA-N","CCC1(C(=O)NC(=O)NC1=O)C1=CC=CC=C1",0.0,,"tr"
"DTXSID3022588","54-62-6","4-Aminofolic acid","NC1=NC(N)=C2N=C(CNC3=CC=C(C=C3)C(=O)N[C@@H](CCC(O)=O)C(O)=O)C=NC2=N1","TVZGACDUOSZQKY-LBPRGKRZSA-N","NC1=NC(N)=C2N=C(CNC3=CC=C(C=C3)C(=O)NC(CCC(O)=O)C(O)=O)C=NC2=N1",0.0,,"tr"
"DTXSID0020656","77-06-5","Gibberellic acid","C[C@@]12[C@H]3[C@H](C(O)=O)[C@@]45CC(=C)[C@@](O)(C4)CC[C@H]5[C@]3(OC1=O)C=C[C@@H]2O","IXORZMNAPKEEDV-OBDJNFEBSA-N","CC12C3C(C(O)=O)C45CC(=C)C(O)(C4)CCC5C3(OC1=O)C=CC2O",0.0,,"tr"
"DTXSID5023039","76824-35-6","Famotidine","NC(N)=NC1=NC(CSCCC(N)=NS(N)(=O)=O)=CS1","XUFQPHANEAPEMJ-UHFFFAOYSA-N","NC(N)=NC1=NC(CSCCC(N)=NS(N)(=O)=O)=CS1",3.60480640854473E-7,,"tr"
"DTXSID3023342","42200-33-9","Nadolol","CC(C)(C)NCC(O)COC1=CC=CC2=C1C[C@H](O)[C@H](O)C2","VWPOSFSPZNDTMJ-UCWKZMIHSA-N","CC(C)(C)NCC(O)COC1=CC=CC2=C1CC(O)C(O)C2",3.60480640854473E-7,,"tr"
"DTXSID7023487","28797-61-7","Pirenzepine","CN1CCN(CC(=O)N2C3=CC=CC=C3C(=O)NC3=C2N=CC=C3)CC1","RMHMFHUVIITRHF-UHFFFAOYSA-N","CN1CCN(CC(=O)N2C3=CC=CC=C3C(=O)NC3=C2N=CC=C3)CC1",3.60480640854473E-7,,"tr"
"DTXSID6023733","99-66-1","Valproic acid","CCCC(CCC)C(O)=O","NIJJYAXOARWZEE-UHFFFAOYSA-N","CCCC(CCC)C(O)=O",1.76234979973298E-6,,"tr"
"DTXSID2032180","35065-27-1","2,2',4,4',5,5'-Hexachlorobiphenyl","ClC1=CC(Cl)=C(C=C1Cl)C1=CC(Cl)=C(Cl)C=C1Cl","MVWHGTYKUMDIHL-UHFFFAOYSA-N","ClC1=CC(Cl)=C(C=C1Cl)C1=CC(Cl)=C(Cl)C=C1Cl",2.72E-6,,"tr"
"DTXSID6020771","22071-15-4","Ketoprofen","CC(C(O)=O)C1=CC(=CC=C1)C(=O)C1=CC=CC=C1","DKYWVDODHFEZIM-UHFFFAOYSA-N","CC(C(O)=O)C1=CC(=CC=C1)C(=O)C1=CC=CC=C1",9.0E-6,,"tr"
"DTXSID9023384","72-69-5","Nortriptyline","CNCCC=C1C2=C(CCC3=C1C=CC=C3)C=CC=C2","PHVGLTMQBUFIQQ-UHFFFAOYSA-N","CNCCC=C1C2=C(CCC3=C1C=CC=C3)C=CC=C2",9.86515353805073E-6,,"tr"
"DTXSID7045946","82626-48-0","Zolpidem","CN(C)C(=O)CC1=C(N=C2C=CC(C)=CN12)C1=CC=C(C)C=C1","ZAFYATHCZYHLPB-UHFFFAOYSA-N","CN(C)C(=O)CC1=C(N=C2C=CC(C)=CN12)C1=CC=C(C)C=C1",1.29252336448598E-5,,"tr"
"DTXSID4040686","22204-53-1","Naproxen","COC1=CC2=CC=C(C=C2C=C1)[C@H](C)C(O)=O","CMWTZPSULFXXJA-VIFPVBQESA-N","COC1=CC2=CC=C(C=C2C=C1)C(C)C(O)=O",1.43991989319092E-5,,"tr"
"DTXSID5022514","32598-13-3","3,3',4,4'-Tetrachlorobiphenyl","ClC1=C(Cl)C=C(C=C1)C1=CC(Cl)=C(Cl)C=C1","UQMGJOKDKOLIDP-UHFFFAOYSA-N","ClC1=C(Cl)C=C(C=C1)C1=CC(Cl)=C(Cl)C=C1",6.83E-5,,"tr"
"DTXSID7047859","642-72-8","Benzydamine","CN(C)CCCOC1=NN(CC2=CC=CC=C2)C2=C1C=CC=C2","CNBGNNVCVSKAQZ-UHFFFAOYSA-N","CN(C)CCCOC1=NN(CC2=CC=CC=C2)C2=C1C=CC=C2",7.38584779706275E-5,,"tr"
"DTXSID0020652","25812-30-0","Gemfibrozil","CC1=CC(OCCCC(C)(C)C(O)=O)=C(C)C=C1","HEMJJKBWTPKOJG-UHFFFAOYSA-N","CC1=CC(OCCCC(C)(C)C(O)=O)=C(C)C=C1",7.92016021361816E-5,,"tr"
"DTXSID6073499","38411-22-2","2,2',3,3',6,6'-Hexachlorobiphenyl","ClC1=CC=C(Cl)C(=C1Cl)C1=C(Cl)C(Cl)=CC=C1Cl","FZFUUSROAHKTTF-UHFFFAOYSA-N","ClC1=CC=C(Cl)C(=C1Cl)C1=C(Cl)C(Cl)=CC=C1Cl",2.7E-4,,"tr"
"DTXSID5023740","42971-09-5","Vinpocetine","CCOC(=O)C1=C[C@]2(CC)CCCN3CCC4=C([C@H]23)N1C1=C4C=CC=C1","DDNCQMVWWZOMLN-IRLDBZIGSA-N","CCOC(=O)C1=CC2(CC)CCCN3CCC4=C(C23)N1C1=CC=CC=C41",9.36E-4,,"tr"
"DTXSID40214326","64118-84-9","4'-Hydroxydiclofenac","OC(=O)CC1=CC=CC=C1NC1=C(Cl)C=C(O)C=C1Cl","KGVXVPRLBMWZLG-UHFFFAOYSA-N","OC(=O)CC1=CC=CC=C1NC1=C(Cl)C=C(O)C=C1Cl",0.0066,,"tr"
"DTXSID4020406","439-14-5","Diazepam","CN1C2=C(C=C(Cl)C=C2)C(=NCC1=O)C1=CC=CC=C1","AAOVKJBEBIDNHE-UHFFFAOYSA-N","CN1C2=C(C=C(Cl)C=C2)C(=NCC1=O)C1=CC=CC=C1",0.05,71.9,"tr"
"DTXSID7023225","846-49-1","Lorazepam","OC1N=C(C2=CC=CC=C2Cl)C2=CC(Cl)=CC=C2NC1=O","DIWRORZWFLOCLC-UHFFFAOYSA-N","OC1N=C(C2=CC=CC=C2Cl)C2=CC(Cl)=CC=C2NC1=O",0.27,,"tr"
"DTXSID5032600","113136-77-9","Cyclanilide","OC(=O)C1(CC1)C(=O)NC1=CC=C(Cl)C=C1Cl","GLWWLNJJJCTFMZ-UHFFFAOYSA-N","OC(=O)C1(CC1)C(=O)NC1=CC=C(Cl)C=C1Cl",0.34,0.0,"tr"
"DTXSID8034665","81334-34-1","Imazapyr","CC(C)C1(C)N=C(NC1=O)C1=NC=CC=C1C(O)=O","CLQMBPJKHLGMQK-UHFFFAOYSA-N","CC(C)C1(C)N=C(NC1=O)C1=NC=CC=C1C(O)=O",0.39,,"tr"
"DTXSID4020113","51-55-8","Atropine","CN1[C@H]2CC[C@@H]1C[C@@H](C2)OC(=O)C(CO)C1=CC=CC=C1","RKUNBYITZUJHSG-SPUOUPEWSA-N","[H]C12CCC([H])(CC(C1)OC(=O)C(CO)C1=CC=CC=C1)N2C",0.496,,"tr"
"DTXSID4022600","300-62-9","Amphetamine","CC(N)CC1=CC=CC=C1","KWTSXDURSIMDCE-UHFFFAOYSA-N","CC(N)CC1=CC=CC=C1",0.511,,"tr"
"DTXSID2034962","153719-23-4","Thiamethoxam","CN1COCN(CC2=CN=C(Cl)S2)C1=N[N+]([O-])=O","NWWZPOKUUAIXIW-UHFFFAOYSA-N","CN1COCN(CC2=CN=C(Cl)S2)C1=N[N+]([O-])=O",0.61,,"tr"
"DTXSID4023549","56-54-2","Quinidine","[H][C@@]1(C[C@@H]2CC[N@]1C[C@@H]2C=C)[C@@H](O)C1=CC=NC2=CC=C(OC)C=C12","LOUPRKONTZGTKE-LHHVKLHASA-N","COC1=CC2=C(C=CN=C2C=C1)C(O)C1CC2CCN1CC2C=C",0.61,,"tr"
"DTXSID4024018","1918-00-9","Dicamba","COC1=C(Cl)C=CC(Cl)=C1C(O)=O","IWEDIXLBFLAXBO-UHFFFAOYSA-N","COC1=C(Cl)C=CC(Cl)=C1C(O)=O",0.65,,"tr"
"DTXSID5024845","64-86-8","Colchicine","COC1=CC2=C(C(OC)=C1OC)C1=CC=C(OC)C(=O)C=C1[C@H](CC2)NC(C)=O","IAKHMKGGTNLKSZ-INIZCTEOSA-N","COC1=C(OC)C(OC)=C2C(CCC(NC(C)=O)C3=CC(=O)C(OC)=CC=C23)=C1",0.698,,"tr"
"DTXSID7022594","50-48-6","Amitriptyline","CN(C)CCC=C1C2=CC=CC=C2CCC2=C1C=CC=C2","KRMDCWKBEZIMAB-UHFFFAOYSA-N","CN(C)CCC=C1C2=CC=CC=C2CCC2=C1C=CC=C2",0.723,,"tr"
"DTXSID7023435","76-74-4","Pentobarbital","CCCC(C)C1(CC)C(=O)NC(O)=NC1=O","WEXRUCMBJFQVBZ-UHFFFAOYSA-N","CCCC(C)C1(CC)C(=O)NC(O)=NC1=O",0.723,,"tr"
"DTXSID8022589","125-84-8","Aminoglutethimide","CCC1(CCC(=O)NC1=O)C1=CC=C(N)C=C1","ROBVIMPUHSLWNV-UHFFFAOYSA-N","CCC1(CCC(=O)NC1=O)C1=CC=C(N)C=C1",0.723,,"tr"
"DTXSID7020265","56-75-7","Chloramphenicol","OC[C@@H](NC(=O)C(Cl)Cl)[C@H](O)C1=CC=C(C=C1)[N+]([O-])=O","WIIZWVCIJKGZOK-RKDXNWHRSA-N","OCC(NC(=O)C(Cl)Cl)C(O)C1=CC=C(C=C1)[N+]([O-])=O",0.723,,"tr"
"DTXSID7045029","10262-69-8","Maprotiline","CNCCCC12CCC(C3=C1C=CC=C3)C1=C2C=CC=C1","QSLMDECMDJKHMQ-UHFFFAOYSA-N","CNCCCC12CCC(C3=C1C=CC=C3)C1=C2C=CC=C1",0.723,,"tr"
"DTXSID4040002","131-70-4","Monobutyl phthalate","CCCCOC(=O)C1=C(C=CC=C1)C(O)=O","YZBOVSFWWNVKRJ-UHFFFAOYSA-N","CCCCOC(=O)C1=C(C=CC=C1)C(O)=O",0.74,,"tr"
"DTXSID0039223","116-06-3","Aldicarb","CNC(=O)ON=CC(C)(C)SC","QGLZXHRNAYXIBU-UHFFFAOYSA-N","CNC(=O)ON=CC(C)(C)SC",0.75,,"tr"
"DTXSID3020621","51630-58-1","Fenvalerate","CC(C)C(C(=O)OC(C#N)C1=CC=CC(OC2=CC=CC=C2)=C1)C1=CC=C(Cl)C=C1","NYPJDWWKZLNGGM-UHFFFAOYSA-N","CC(C)C(C(=O)OC(C#N)C1=CC=CC(OC2=CC=CC=C2)=C1)C1=CC=C(Cl)C=C1",0.766,,"tr"
"DTXSID6023656","50-52-2","Thioridazine","CSC1=CC2=C(SC3=CC=CC=C3N2CCC2CCCCN2C)C=C1","KLBQZWRITKRQQV-UHFFFAOYSA-N","CSC1=CC2=C(SC3=CC=CC=C3N2CCC2CCCCN2C)C=C1",0.915,,"tr"
"DTXSID6046763","28911-01-5","Triazolam","CC1=NN=C2CN=C(C3=C(Cl)C=CC=C3)C3=C(C=CC(Cl)=C3)N12","JOFWLTCLBGQGBO-UHFFFAOYSA-N","CC1=NN=C2CN=C(C3=C(Cl)C=CC=C3)C3=C(C=CC(Cl)=C3)N12",1.0,,"tr"
"DTXSID7023067","54910-89-3","Fluoxetine","CNCCC(OC1=CC=C(C=C1)C(F)(F)F)C1=CC=CC=C1","RTHCYVBBDHJXIQ-UHFFFAOYSA-N","CNCCC(OC1=CC=C(C=C1)C(F)(F)F)C1=CC=CC=C1",1.0,,"tr"
"DTXSID8024151","35554-44-0","Imazalil","ClC1=CC(Cl)=C(C=C1)C(CN1C=CN=C1)OCC=C","PZBPKYOVPCNPJY-UHFFFAOYSA-N","ClC1=CC(Cl)=C(C=C1)C(CN1C=CN=C1)OCC=C",1.02,46.44,"tr"
"DTXSID6024204","21087-64-9","Metribuzin","CSC1=NN=C(C(=O)N1N)C(C)(C)C","FOXFZRUHNHCZPX-UHFFFAOYSA-N","CSC1=NN=C(C(=O)N1N)C(C)(C)C",1.07,,"tr"
"DTXSID9034573","97780-06-8","Ethametsulfuron-methyl","CCOC1=NC(NC)=NC(NC(=O)NS(=O)(=O)C2=C(C=CC=C2)C(=O)OC)=N1","ZINJLDJMHCUBIP-UHFFFAOYSA-N","CCOC1=NC(NC)=NC(NC(=O)NS(=O)(=O)C2=C(C=CC=C2)C(=O)OC)=N1",1.08,,"tr"
"DTXSID8020755","54-85-3","Isoniazid","NNC(=O)C1=CC=NC=C1","QRXWMOHMRWLFEY-UHFFFAOYSA-N","NNC(=O)C1=CC=NC=C1",1.11,,"tr"
"DTXSID3037707","29420-49-3","Potassium perfluorobutanesulfonate","[K+].[O-]S(=O)(=O)C(F)(F)C(F)(F)C(F)(F)C(F)(F)F","LVTHXRLARFLXNR-UHFFFAOYSA-M","OS(=O)(=O)C(F)(F)C(F)(F)C(F)(F)C(F)(F)F",1.1522,,"tr"
"DTXSID4020329","51481-61-9","Cimetidine","CN\C(NCCSCC1=C(C)NC=N1)=N/C#N","AQIXAKUUQRKLND-UHFFFAOYSA-N","CN\C(NCCSCC1=C(C)NC=N1)=N/C#N",1.2,,"tr"
"DTXSID4020581","938-73-8","2-Ethoxybenzamide","CCOC1=C(C=CC=C1)C(N)=O","SBNKFTQSBPKMBZ-UHFFFAOYSA-N","CCOC1=C(C=CC=C1)C(N)=O",1.3,,"tr"
"DTXSID5021209","51-52-5","6-Propyl-2-thiouracil","CCCC1=CC(=O)NC(=S)N1","KNAHARQHSZJURB-UHFFFAOYSA-N","CCCC1=NC(=S)NC(=O)C1",1.3232,,"tr"
"DTXSID7023273","76-99-3","Methadone","CCC(=O)C(CC(C)N(C)C)(C1=CC=CC=C1)C1=CC=CC=C1","USSIQXCVUWKGNF-UHFFFAOYSA-N","CCC(=O)C(CC(C)N(C)C)(C1=CC=CC=C1)C1=CC=CC=C1",1.34,,"tr"
"DTXSID3020910","55-98-1","Busulfan","CS(=O)(=O)OCCCCOS(C)(=O)=O","COVZYZSDYWQREU-UHFFFAOYSA-N","CS(=O)(=O)OCCCCOS(C)(=O)=O",1.39,,"tr"
"DTXSID8023393","99614-02-5","Ondansetron","CN1C2=C(C3=CC=CC=C13)C(=O)C(CN1C=CN=C1C)CC2","FELGMEQIXOGIFQ-UHFFFAOYSA-N","CN1C2=C(C3=CC=CC=C13)C(=O)C(CN1C=CN=C1C)CC2",1.4,,"tr"
"DTXSID2023309","51384-51-1","Metoprolol","COCCC1=CC=C(OCC(O)CNC(C)C)C=C1","IUBSYMUCCVWXPE-UHFFFAOYSA-N","COCCC1=CC=C(OCC(O)CNC(C)C)C=C1",1.47,,"tr"
"DTXSID6024175","57837-19-1","Metalaxyl","COCC(=O)N(C(C)C(=O)OC)C1=C(C)C=CC=C1C","ZQEIXNIJLIKNTD-UHFFFAOYSA-N","COCC(=O)N(C(C)C(=O)OC)C1=C(C)C=CC=C1C",1.58,,"tr"
"DTXSID8021359","64-77-7","Tolbutamide","CCCCNC(=O)NS(=O)(=O)C1=CC=C(C)C=C1","JLRGJRBPOGGCBT-UHFFFAOYSA-N","CCCCNC(=O)NS(=O)(=O)C1=CC=C(C)C=C1",1.6,,"tr"
"DTXSID6022682","66722-44-9","Bisoprolol","CC(C)NCC(O)COC1=CC=C(COCCOC(C)C)C=C1","VHYCDWMUTMEGQY-UHFFFAOYSA-N","CC(C)NCC(O)COC1=CC=C(COCCOC(C)C)C=C1",1.6,,"tr"
"DTXSID3023471","57-47-6","Physostigmine","CNC(=O)OC1=CC2=C(C=C1)N(C)[C@H]1N(C)CC[C@@]21C","PIJVFDBKTWXHHD-HIFRSBDPSA-N","CNC(=O)OC1=CC2=C(C=C1)N(C)C1N(C)CCC21C",1.64,,"tr"
"DTXSID6021080","73590-58-6","Omeprazole","COC1=CC2=C(NC(=N2)S(=O)CC2=C(C)C(OC)=C(C)C=N2)C=C1","SUBDBMMJDZJVOS-UHFFFAOYSA-N","COC1=CC2=C(NC(=N2)S(=O)CC2=C(C)C(OC)=C(C)C=N2)C=C1",1.7,,"tr"
"DTXSID6024882","66-81-9","Cycloheximide","C[C@H]1C[C@H](C)C(=O)[C@@H](C1)[C@H](O)CC1CC(=O)NC(=O)C1","YPHMISFOHDHNIV-FSZOTQKASA-N","CC1CC(C)C(=O)C(C1)C(O)CC1CC(=O)NC(=O)C1",1.74,,"tr"
"DTXSID1043881","50-49-7","Imipramine","CN(C)CCCN1C2=CC=CC=C2CCC2=CC=CC=C12","BCGWQEUPMDMJNV-UHFFFAOYSA-N","CN(C)CCCN1C2=CC=CC=C2CCC2=CC=CC=C12",1.78,,"tr"
"DTXSID2034627","69377-81-7","Fluroxypyr","NC1=C(Cl)C(F)=NC(OCC(O)=O)=C1Cl","MEFQWPUMEMWTJP-UHFFFAOYSA-N","NC1=C(Cl)C(F)=NC(OCC(O)=O)=C1Cl",1.79,,"tr"
"DTXSID2048539","37517-30-9","Acebutolol","CCCC(=O)NC1=CC(C(C)=O)=C(OCC(O)CNC(C)C)C=C1","GOEMGAFJFRBGGG-UHFFFAOYSA-N","CCCC(=O)NC1=CC(C(C)=O)=C(OCC(O)CNC(C)C)C=C1",1.8,,"tr"
"DTXSID3034872","1698-60-8","Chloridazon","NC1=C(Cl)C(=O)N(N=C1)C1=CC=CC=C1","WYKYKTKDBLFHCY-UHFFFAOYSA-N","ClC1C(=N)C=NN(C1=O)C1=CC=CC=C1",1.87,0.0,"tr"
"DTXSID9023914","141-66-2","Dicrotophos","COP(=O)(OC)O\C(C)=C\C(=O)N(C)C","VEENJGZXVHKXNB-VOTSOKGWSA-N","COP(=O)(OC)OC(C)=CC(=O)N(C)C",1.89,,"tr"
"DTXSID70227808","77-28-1","Butethal","CCCCC1(CC)C(=O)NC(=O)NC1=O","STDBAQMTJLUMFW-UHFFFAOYSA-N","CCCCC1(CC)C(=O)NC(=O)NC1=O",1.9,,"tr"
"DTXSID8021309","846-50-4","Temazepam","CN1C2=CC=C(Cl)C=C2C(=NC(O)C1=O)C1=CC=CC=C1","SEQDDYPDSLOBDC-UHFFFAOYSA-N","CN1C2=CC=C(Cl)C=C2C(=NC(O)C1=O)C1=CC=CC=C1",2.0,,"tr"
"DTXSID3022663","64706-54-3","Bepridil","CC(C)COCC(CN(CC1=CC=CC=C1)C1=CC=CC=C1)N1CCCC1","UIEATEWHFDRYRU-UHFFFAOYSA-N","CC(C)COCC(CN(CC1=CC=CC=C1)C1=CC=CC=C1)N1CCCC1",2.0,,"tr"
"DTXSID6023600","57-24-9","Strychnine","[H][C@]12C[C@@]3([H])C4=CCO[C@@]5([H])CC(=O)N6C7=C(C=CC=C7)[C@@]1(CCN2C4)[C@]6([H])[C@@]35[H]","QMGVPVSNSZLJIA-FVWCLLPLSA-N","[H]C12CC3([H])C4C5N6C7=C(C=CC=C7)C15CCN2CC3=CCOC4CC6=O",2.0,,"tr"
"DTXSID1048627","155213-67-5","Ritonavir","CC(C)[C@H](NC(=O)N(C)CC1=CSC(=N1)C(C)C)C(=O)N[C@H](C[C@H](O)[C@H](CC1=CC=CC=C1)NC(=O)OCC1=CN=CS1)CC1=CC=CC=C1","NCDNCNXCDXHOMX-XGKFQTDJSA-N","CC(C)C(NC(=O)N(C)CC1=CSC(=N1)C(C)C)C(=O)NC(CC(O)C(CC1=CC=CC=C1)NC(=O)OCC1=CN=CS1)CC1=CC=CC=C1",2.1,,"tr"
"DTXSID9023752","111406-87-2","Zileuton","CC(N(O)C(N)=O)C1=CC2=C(S1)C=CC=C2","MWLSOWXNZPKENC-UHFFFAOYSA-N","CC(N(O)C(N)=O)C1=CC2=C(S1)C=CC=C2",2.1,,"tr"
"DTXSID0020440","120-36-5","Dichlorprop","CC(OC1=C(Cl)C=C(Cl)C=C1)C(O)=O","MZHCENGPTKEIGP-UHFFFAOYSA-N","CC(OC1=C(Cl)C=C(Cl)C=C1)C(O)=O",2.23,,"tr"
"DTXSID6023525","525-66-6","Propranolol","CC(C)NCC(O)COC1=C2C=CC=CC2=CC=C1","AQHHHDLHHXJYJD-UHFFFAOYSA-N","CC(C)NCC(O)COC1=C2C=CC=CC2=CC=C1",2.28,,"tr"
"DTXSID4049082","19216-56-9","Prazosin","COC1=CC2=NC(=NC(N)=C2C=C1OC)N1CCN(CC1)C(=O)C1=CC=CO1","IENZQIKPVFGBNW-UHFFFAOYSA-N","COC1=CC2=NC(=NC(N)=C2C=C1OC)N1CCN(CC1)C(=O)C1=CC=CO1",2.3,,"tr"
"DTXSID6023864","74223-64-6","Metsulfuron-methyl","COC(=O)C1=C(C=CC=C1)S(=O)(=O)NC(=O)NC1=NC(C)=NC(OC)=N1","RSMUVYRMZCOLBH-UHFFFAOYSA-N","COC(=O)C1=C(C=CC=C1)S(=O)(=O)NC(=O)NC1=NC(C)=NC(OC)=N1",2.32,,"tr"
"DTXSID1020930","54-11-5","Nicotine","CN1CCC[C@H]1C1=CN=CC=C1","SNICXCGAKADSCV-JTQLQIEISA-N","CN1CCCC1C1=CN=CC=C1",2.34,,"tr"
"DTXSID3024287","81335-77-5","Imazethapyr","CCC1=CN=C(C2=NC(C)(C(C)C)C(=O)N2)C(=C1)C(O)=O","XVOKUMIPKHGGTN-UHFFFAOYSA-N","CCC1=CN=C(C2=NC(C)(C(C)C)C(=O)N2)C(=C1)C(O)=O",2.35,,"tr"
"DTXSID7046627","147536-97-8","Bosentan","COC1=CC=CC=C1OC1=C(NS(=O)(=O)C2=CC=C(C=C2)C(C)(C)C)N=C(N=C1OCCO)C1=NC=CC=N1","GJPICJJJRGTNOD-UHFFFAOYSA-N","COC1=CC=CC=C1OC1=C(NS(=O)(=O)C2=CC=C(C=C2)C(C)(C)C)N=C(N=C1OCCO)C1=NC=CC=N1",2.4,,"tr"
"DTXSID2020006","103-90-2","Acetaminophen","CC(=O)NC1=CC=C(O)C=C1","RZVAJINKPMORJF-UHFFFAOYSA-N","CC(=O)NC1=CC=C(O)C=C1",2.442,14.9,"tr"
"DTXSID3024152","81335-37-7","Imazaquin","CC(C)C1(C)N=C(NC1=O)C1=NC2=C(C=CC=C2)C=C1C(O)=O","CABMTIJINOIHOD-UHFFFAOYSA-N","CC(C)C1(C)N=C(NC1=O)C1=NC2=C(C=CC=C2)C=C1C(O)=O",2.46,,"tr"
"DTXSID1024338","23564-05-8","Thiophanate-methyl","COC(=O)NC(=S)NC1=C(NC(=S)NC(=O)OC)C=CC=C1","QGHREAKMXXNCOA-UHFFFAOYSA-N","COC(=O)NC(=S)NC1=C(NC(=S)NC(=O)OC)C=CC=C1",2.47,,"tr"
"DTXSID2022674","63659-18-7","Betaxolol","CC(C)NCC(O)COC1=CC=C(CCOCC2CC2)C=C1","NWIUTZDMDHAVTP-UHFFFAOYSA-N","CC(C)NCC(O)COC1=CC=C(CCOCC2CC2)C=C1",2.5,,"tr"
"DTXSID5023299","113-45-1","Methylphenidate","COC(=O)C(C1CCCCN1)C1=CC=CC=C1","DUGOZIWVEXMGBE-UHFFFAOYSA-N","COC(=O)C(C1CCCCN1)C1=CC=CC=C1",2.51,,"tr"
"DTXSID50861300","129299-72-5","FK 1052","CC1=C(CC2CCC3=C(C)C4=CC=CC=C4N3C2=O)NC=N1","AEKQMJRJRAHOAP-UHFFFAOYSA-N","CC1=C(CC2CCC3=C(C)C4=CC=CC=C4N3C2=O)NC=N1",2.56,132.0,"tr"
"DTXSID8035180","584-79-2","Allethrin","CC(C)=CC1C(C(=O)OC2CC(=O)C(CC=C)=C2C)C1(C)C","ZCVAOQKBXKSDMS-UHFFFAOYSA-N","CC(C)=CC1C(C(=O)OC2CC(=O)C(CC=C)=C2C)C1(C)C",2.59,,"tr"
"DTXSID2040363","83657-24-3","Diniconazole","CC(C)(C)C(O)C(=C/C1=C(Cl)C=C(Cl)C=C1)\N1C=NC=N1","FBOUIAKEJMZPQG-AWNIVKPZSA-N","CC(C)(C)C(O)C(=CC1=C(Cl)C=C(Cl)C=C1)N1C=NC=N1",2.59,,"tr"
"DTXSID4020458","2921-88-2","Chlorpyrifos","CCOP(=S)(OCC)OC1=NC(Cl)=C(Cl)C=C1Cl","SBPBAQFWLVIOKP-UHFFFAOYSA-N","CCOP(=S)(OCC)OC1=NC(Cl)=C(Cl)C=C1Cl",2.6,,"tr"
"DTXSID5020607","117-81-7","Di(2-ethylhexyl) phthalate","CCCCC(CC)COC(=O)C1=C(C=CC=C1)C(=O)OCC(CC)CCCC","BJQHLKABXJIVAM-UHFFFAOYSA-N","CCCCC(CC)COC(=O)C1=C(C=CC=C1)C(=O)OCC(CC)CCCC",2.65,10.73,"tr"
"DTXSID9021217","58-14-0","Pyrimethamine","CCC1=NC(N)=NC(N)=C1C1=CC=C(Cl)C=C1","WKSAUQYGYAYLPV-UHFFFAOYSA-N","CCC1=NC(N)=NC(N)=C1C1=CC=C(Cl)C=C1",2.768,,"tr"
"DTXSID0022804","132-22-9","Chlorpheniramine","CN(C)CCC(C1=CC=C(Cl)C=C1)C1=NC=CC=C1","SOYKEARSMXGVTM-UHFFFAOYSA-N","CN(C)CCC(C1=CC=C(Cl)C=C1)C1=NC=CC=C1",2.8,,"tr"
"DTXSID5032442","138261-41-3","Imidacloprid","[O-][N+](=O)\N=C1/NCCN1CC1=CN=C(Cl)C=C1","YWTYJOPNNQFBPC-UHFFFAOYSA-N","[O-][N+](=O)\N=C1/NCCN1CC1=CN=C(Cl)C=C1",2.81,0.0,"tr"
"DTXSID5034773","116714-46-6","Novaluron","FC(OC(F)(F)F)C(F)(F)OC1=C(Cl)C=C(NC(=O)NC(=O)C2=C(F)C=CC=C2F)C=C1","NJPPVKZQTLUDBO-UHFFFAOYSA-N","FC(OC(F)(F)F)C(F)(F)OC1=C(Cl)C=C(NC(=O)NC(=O)C2=C(F)C=CC=C2F)C=C1",2.87,0.0,"tr"
"DTXSID5024344","2303-17-5","Tri-allate","CC(C)N(C(C)C)C(=O)SCC(Cl)=C(Cl)Cl","MWBPRDONLNQCFV-UHFFFAOYSA-N","CC(C)N(C(C)C)C(=O)SCC(Cl)=C(Cl)Cl",2.89,,"tr"
"DTXSID8032386","55283-68-6","Ethalfluralin","CCN(CC(C)=C)C1=C(C=C(C=C1[N+]([O-])=O)C(F)(F)F)[N+]([O-])=O","PTFJIKYUEPWBMS-UHFFFAOYSA-N","CCN(CC(C)=C)C1=C(C=C(C=C1[N+]([O-])=O)C(F)(F)F)[N+]([O-])=O",3.03,,"tr"
"DTXSID1032355","81777-89-1","Clomazone","CC1(C)CON(CC2=C(Cl)C=CC=C2)C1=O","KIEDNEWSYUYDSN-UHFFFAOYSA-N","CC1(C)CON(CC2=C(Cl)C=CC=C2)C1=O",3.04,,"tr"
"DTXSID0020311","150-68-5","Monuron","CN(C)C(=O)NC1=CC=C(Cl)C=C1","BMLIZLVNXIYGCK-UHFFFAOYSA-N","CN(C)C(=O)NC1=CC=C(Cl)C=C1",3.086,,"tr"
"DTXSID1021160","1918-02-1","Picloram","NC1=C(Cl)C(Cl)=NC(C(O)=O)=C1Cl","NQQVFXUMIDALNH-UHFFFAOYSA-N","NC1=C(Cl)C(Cl)=NC(C(O)=O)=C1Cl",3.11,,"tr"
"DTXSID3026697","103-24-2","Bis(2-ethylhexyl) nonanedioate","CCCCC(CC)COC(=O)CCCCCCCC(=O)OCC(CC)CCCC","ZDWGXBPVPXVXMQ-UHFFFAOYSA-N","CCCCC(CC)COC(=O)CCCCCCCC(=O)OCC(CC)CCCC",3.152,,"tr"
"DTXSID1023990","21725-46-2","Cyanazine","CCNC1=NC(NC(C)(C)C#N)=NC(Cl)=N1","MZZBPDKVEFVLFF-UHFFFAOYSA-N","CCNC1=NC(NC(C)(C)C#N)=NC(Cl)=N1",3.16,,"tr"
"DTXSID1020510","57-97-6","7,12-Dimethylbenz(a)anthracene","CC1=C2C=CC=CC2=C(C)C2=C3C=CC=CC3=CC=C12","ARSRBNBHOADGJU-UHFFFAOYSA-N","CC1=C2C=CC=CC2=C(C)C2=C3C=CC=CC3=CC=C12",3.226,,"tr"
"DTXSID8048785","150408-73-4","Pranazepide","FC1=C(C=CC=C1)C1=N[C@H](NC(=O)C2=CC3=CC=CC=C3N2)C(=O)N2CCC3=CC=CC1=C23","WKJDXKWFGJWGAS-XMMPIXPASA-N","FC1=C(C=CC=C1)C1=NC(NC(=O)C2=CC3=CC=CC=C3N2)C(=O)N2CCC3=C2C1=CC=C3",3.24,47.1,"tr"
"DTXSID1034212","118134-30-8","Spiroxamine","CCCN(CC)CC1COC2(CCC(CC2)C(C)(C)C)O1","PUYXTUJWRLOUCW-UHFFFAOYSA-N","CCCN(CC)CC1COC2(CCC(CC2)C(C)(C)C)O1",3.35,,"tr"
"DTXSID4034528","145701-21-9","Diclosulam","CCOC1=NC(F)=CC2=NC(=NN12)S(=O)(=O)NC1=C(Cl)C=CC=C1Cl","QNXAVFXEJCPCJO-UHFFFAOYSA-N","CCOC1=NC(F)=CC2=NC(=NN12)S(=O)(=O)NC1=C(Cl)C=CC=C1Cl",3.44,,"tr"
"DTXSID9020035","1162-65-8","Aflatoxin B1","[H][C@]12OC=C[C@@]1([H])C1=C(O2)C=C(OC)C2=C1OC(=O)C1=C2CCC1=O","OQIQSTLJSLGHID-WNWIJWBNSA-N","COC1=C2C3=C(C(=O)CC3)C(=O)OC2=C2C3C=COC3OC2=C1",3.49,,"tr"
"DTXSID0020365","59865-13-3","Cyclosporin A","CC[C@@H]1NC(=O)[C@H]([C@H](O)[C@H](C)C\C=C\C)N(C)C(=O)[C@H](C(C)C)N(C)C(=O)[C@H](CC(C)C)N(C)C(=O)[C@H](CC(C)C)N(C)C(=O)[C@@H](C)NC(=O)[C@H](C)NC(=O)[C@H](CC(C)C)N(C)C(=O)[C@@H](NC(=O)[C@H](CC(C)C)N(C)C(=O)CN(C)C1=O)C(C)C","PMATZTZNYRCHOR-CGLBZJNRSA-N","CCC1NC(=O)C(C(O)C(C)CC=CC)N(C)C(=O)C(C(C)C)N(C)C(=O)C(CC(C)C)N(C)C(=O)C(CC(C)C)N(C)C(=O)C(C)NC(=O)C(C)NC(=O)C(CC(C)C)N(C)C(=O)C(NC(=O)C(CC(C)C)N(C)C(=O)CN(C)C1=O)C(C)C",3.5,,"tr"
"DTXSID1047285","527680-56-4","PHA-00568487","O=C(N[C@H]1CN2CCC1CC2)C1=CC2=C(OCCO2)C=C1","LUVXHMJTVXZFPD-ZDUSSCGKSA-N","[H]C12CCN(CC1)CC2NC(=O)C1=CC=C2OCCOC2=C1",3.688,,"tr"
"DTXSID2032390","60168-88-9","Fenarimol","OC(C1=CC=C(Cl)C=C1)(C1=CN=CN=C1)C1=CC=CC=C1Cl","NHOWDZOIZKMVAI-UHFFFAOYSA-N","OC(C1=CC=C(Cl)C=C1)(C1=CN=CN=C1)C1=CC=CC=C1Cl",3.79,1.57,"tr"
"DTXSID2021995","134-62-3","DEET","CCN(CC)C(=O)C1=CC=CC(C)=C1","MMOXZBCLCQITDF-UHFFFAOYSA-N","CCN(CC)C(=O)C1=CC=CC(C)=C1",3.8,,"tr"
"DTXSID8032673","123343-16-8","Pyrithiobac-sodium","[Na+].COC1=CC(OC)=NC(SC2=C(C([O-])=O)C(Cl)=CC=C2)=N1","CNILNQMBAHKMFS-UHFFFAOYSA-M","COC1=CC(OC)=NC(SC2=C(C(O)=O)C(Cl)=CC=C2)=N1",3.98,1.95,"tr"
"DTXSID5020867","838-88-0","4,4'-Diamino-3,3'-dimethyldiphenylmethane","CC1=C(N)C=CC(CC2=CC(C)=C(N)C=C2)=C1","WECDUOXQLAIPQW-UHFFFAOYSA-N","CC1=C(N)C=CC(CC2=CC(C)=C(N)C=C2)=C1",3.984,,"tr"
"DTXSID4022991","114-07-8","Erythromycin","CC[C@H]1OC(=O)[C@H](C)[C@@H](O[C@H]2C[C@@](C)(OC)[C@@H](O)[C@H](C)O2)[C@H](C)[C@@H](O[C@@H]2O[C@H](C)C[C@@H]([C@H]2O)N(C)C)[C@](C)(O)C[C@@H](C)C(=O)[C@H](C)[C@@H](O)[C@]1(C)O","ULGZDMOVFRHVEP-RWJQBGPGSA-N","CCC1OC(=O)C(C)C(OC2CC(C)(OC)C(O)C(C)O2)C(C)C(OC2OC(C)CC(C2O)N(C)C)C(C)(O)CC(C)C(=O)C(C)C(O)C1(C)O",4.04,,"tr"
"DTXSID8024159","82558-50-7","Isoxaben","CCC(C)(CC)C1=NOC(NC(=O)C2=C(OC)C=CC=C2OC)=C1","PMHURSZHKKJGBM-UHFFFAOYSA-N","CCC(C)(CC)C1=NOC(NC(=O)C2=C(OC)C=CC=C2OC)=C1",4.11,,"tr"
"DTXSID9032581","156052-68-5","Zoxamide","CCC(C)(NC(=O)C1=CC(Cl)=C(C)C(Cl)=C1)C(=O)CCl","SOUGWDPPRBKJEX-UHFFFAOYSA-N","CCC(C)(NC(=O)C1=CC(Cl)=C(C)C(Cl)=C1)C(=O)CCl",4.19,41.26,"tr"
"DTXSID5020732","15687-27-1","Ibuprofen","CC(C)CC1=CC=C(C=C1)C(C)C(O)=O","HEFNNWSXXWATRW-UHFFFAOYSA-N","CC(C)CC1=CC=C(C=C1)C(C)C(O)=O",4.2,,"tr"
"DTXSID3023718","486-12-4","Triprolidine","CC1=CC=C(C=C1)C(=C/CN1CCCC1)\C1=CC=CC=N1","CBEQULMOCCWAQT-WOJGMQOQSA-N","CC1=CC=C(C=C1)C(=CCN1CCCC1)C1=CC=CC=N1",4.3,,"tr"
"DTXSID2020426","99-30-9","Dicloran","NC1=C(Cl)C=C(C=C1Cl)[N+]([O-])=O","BIXZHMJUSMUDOQ-UHFFFAOYSA-N","NC1=C(Cl)C=C(C=C1Cl)[N+]([O-])=O",4.43,,"tr"
"DTXSID3020679","76-44-8","Heptachlor","ClC1C=CC2C1C1(Cl)C(Cl)=C(Cl)C2(Cl)C1(Cl)Cl","FRCCEHPWNOQAEU-UHFFFAOYSA-N","ClC1C=CC2C1C1(Cl)C(Cl)=C(Cl)C2(Cl)C1(Cl)Cl",4.574,,"tr"
"DTXSID9022940","42399-41-7","(+)-Diltiazem","COC1=CC=C(C=C1)[C@@H]1SC2=CC=CC=C2N(CCN(C)C)C(=O)[C@@H]1OC(C)=O","HSUGRBWQSSZJOP-RTWAWAEBSA-N","COC1=CC=C(C=C1)C1SC2=CC=CC=C2N(CCN(C)C)C(=O)C1OC(C)=O",4.7,,"tr"
"DTXSID3021774","83-32-9","Acenaphthene","C1CC2=C3C1=CC=CC3=CC=C2","CWRYPZZKDGJXCA-UHFFFAOYSA-N","C1CC2=C3C1=CC=CC3=CC=C2",4.846,,"tr"
"DTXSID4020450","115-32-2","Dicofol","OC(C1=CC=C(Cl)C=C1)(C1=CC=C(Cl)C=C1)C(Cl)(Cl)Cl","UOAMTSKGCBMZTC-UHFFFAOYSA-N","OC(C1=CC=C(Cl)C=C1)(C1=CC=C(Cl)C=C1)C(Cl)(Cl)Cl",4.92,,"tr"
"DTXSID1020560","115-29-7","Endosulfan","ClC1=C(Cl)C2(Cl)C3COS(=O)OCC3C1(Cl)C2(Cl)Cl","RDYMFSUJUZBWLH-UHFFFAOYSA-N","ClC1=C(Cl)C2(Cl)C3COS(=O)OCC3C1(Cl)C2(Cl)Cl",4.98,,"tr"
"DTXSID4032667","66230-04-4","Esfenvalerate","CC(C)[C@H](C(=O)O[C@H](C#N)C1=CC=CC(OC2=CC=CC=C2)=C1)C1=CC=C(Cl)C=C1","NYPJDWWKZLNGGM-RPWUZVMVSA-N","CC(C)C(C(=O)OC(C#N)C1=CC=CC(OC2=CC=CC=C2)=C1)C1=CC=C(Cl)C=C1",4.98,,"tr"
"DTXSID5020154","120-32-1","Clorophene","OC1=C(CC2=CC=CC=C2)C=C(Cl)C=C1","NCKMMSIFQUPKCK-UHFFFAOYSA-N","OC1=C(CC2=CC=CC=C2)C=C(Cl)C=C1",5.0,,"tr"
"DTXSID9026261","13674-87-8","Tris(1,3-dichloro-2-propyl) phosphate","ClCC(CCl)OP(=O)(OC(CCl)CCl)OC(CCl)CCl","ASLWPAWFJZFCKF-UHFFFAOYSA-N","ClCC(CCl)OP(=O)(OC(CCl)CCl)OC(CCl)CCl",5.092,,"tr"
"DTXSID0021256","599-79-1","Sulfasalazine","OC(=O)C1=CC(=CC=C1O)\N=N\C1=CC=C(C=C1)S(=O)(=O)NC1=NC=CC=C1","NCEXYHBECQHGNR-QZQOTICOSA-N","OC(=O)C1=CC(=CC=C1O)N=NC1=CC=C(C=C1)S(=O)(=O)NC1=CC=CC=N1",5.16,,"tr"
"DTXSID6023579","139755-83-2","Sildenafil","CCCC1=NN(C)C2=C1N=C(NC2=O)C1=CC(=CC=C1OCC)S(=O)(=O)N1CCN(C)CC1","BNRNXUUZRGQAQC-UHFFFAOYSA-N","CCCC1=NN(C)C2=C1N=C(NC2=O)C1=CC(=CC=C1OCC)S(=O)(=O)N1CCN(C)CC1",5.2,,"tr"
"DTXSID9032113","107534-96-3","Tebuconazole","CC(C)(C)C(O)(CCC1=CC=C(Cl)C=C1)CN1C=NC=N1","PXMNMQRDXWABCY-UHFFFAOYSA-N","CC(C)(C)C(O)(CCC1=CC=C(Cl)C=C1)CN1C=NC=N1",5.278,,"tr"
"DTXSID3024316","34014-18-1","Tebuthiuron","CNC(=O)N(C)C1=NN=C(S1)C(C)(C)C","HBPDKDSFLXWOAE-UHFFFAOYSA-N","CNC(=O)N(C)C1=NN=C(S1)C(C)(C)C",5.28,,"tr"
"DTXSID2020420","23950-58-5","Propyzamide","CC(C)(NC(=O)C1=CC(Cl)=CC(Cl)=C1)C#C","PHNUZKMIPFFYSO-UHFFFAOYSA-N","CC(C)(NC(=O)C1=CC(Cl)=CC(Cl)=C1)C#C",5.4,1.71,"tr"
"DTXSID6034712","208465-21-8","Mesosulfuron-methyl","COC(=O)C1=C(C=C(CNS(C)(=O)=O)C=C1)S(=O)(=O)NC(=O)NC1=NC(OC)=CC(OC)=N1","NIFKBBMCXCMCAO-UHFFFAOYSA-N","COC(=O)C1=C(C=C(CNS(C)(=O)=O)C=C1)S(=O)(=O)NC(=O)NC1=NC(OC)=CC(OC)=N1",5.45,,"tr"
"DTXSID6047363","139290-65-6","Volinanserin","COC1=C(OC)C(=CC=C1)[C@H](O)C1CCN(CCC2=CC=C(F)C=C2)CC1","HXTGXYRHXAGCFP-OAQYLSRUSA-N","COC1=CC=CC(C(O)C2CCN(CCC3=CC=C(F)C=C3)CC2)=C1OC",5.464,,"tr"
"DTXSID5021124","108-95-2","Phenol","OC1=CC=CC=C1","ISWSIDIOOBJBQZ-UHFFFAOYSA-N","OC1=CC=CC=C1",5.496,,"tr"
"DTXSID8024107","59756-60-4","Fluridone","CN1C=C(C(=O)C(=C1)C1=CC(=CC=C1)C(F)(F)F)C1=CC=CC=C1","YWBVHLJPRPCRSD-UHFFFAOYSA-N","CN1C=C(C(=O)C(=C1)C1=CC(=CC=C1)C(F)(F)F)C1=CC=CC=C1",5.594,,"tr"
"DTXSID2034673","144550-36-7","Iodosulfuron-methyl-sodium","[Na+].COC(=O)C1=C(C=C(I)C=C1)S(=O)(=O)[N-]C(=O)NC1=NC(OC)=NC(C)=N1","JUJFQMPKBJPSFZ-UHFFFAOYSA-M","COC(=O)C1=C(C=C(I)C=C1)S(=O)(=O)NC(=O)NC1=NC(OC)=NC(C)=N1",5.69,,"tr"
"DTXSID6032645","122836-35-5","Sulfentrazone","CC1=NN(C(=O)N1C(F)F)C1=CC(NS(C)(=O)=O)=C(Cl)C=C1Cl","OORLZFUTLGXMEF-UHFFFAOYSA-N","CC1=NN(C(=O)N1C(F)F)C1=CC(NS(C)(=O)=O)=C(Cl)C=C1Cl",5.71,,"tr"
"DTXSID4022949","58-73-1","Diphenhydramine","CN(C)CCOC(C1=CC=CC=C1)C1=CC=CC=C1","ZZVUWRFHKOJYTH-UHFFFAOYSA-N","CN(C)CCOC(C1=CC=CC=C1)C1=CC=CC=C1",6.0,,"tr"
"DTXSID5022855","5786-21-0","Clozapine","CN1CCN(CC1)C1=NC2=CC(Cl)=CC=C2NC2=C1C=CC=C2","QZUDBNBUXVUHMW-UHFFFAOYSA-N","CN1CCN(CC1)C1=NC2=CC(Cl)=CC=C2NC2=C1C=CC=C2",6.0,,"tr"
"DTXSID0032655","131983-72-7","Triticonazole","CC1(C)CCC(=CC2=CC=C(Cl)C=C2)C1(O)CN1C=NC=N1","PPDBOQMNKNNODG-UHFFFAOYSA-N","CC1(C)CCC(=CC2=CC=C(Cl)C=C2)C1(O)CN1C=NC=N1",6.12,17.98,"tr"
"DTXSID9047251","145742-28-5","CP-122721","COC1=C(CN[C@H]2CCCN[C@H]2C2=CC=CC=C2)C=C(OC(F)(F)F)C=C1","ZIWFCOIGUNPHPM-HKUYNNGSSA-N","COC1=C(CNC2CCCNC2C2=CC=CC=C2)C=C(OC(F)(F)F)C=C1",6.188,,"tr"
"DTXSID9020112","1912-24-9","Atrazine","CCNC1=NC(NC(C)C)=NC(Cl)=N1","MXWJVTOOROXGIU-UHFFFAOYSA-N","CCNC1=NC(NC(C)C)=NC(Cl)=N1",6.21,,"tr"
"DTXSID2024793","2675-77-6","Chloroneb","COC1=CC(Cl)=C(OC)C=C1Cl","PFIADAMVCJPXSF-UHFFFAOYSA-N","COC1=CC(Cl)=C(OC)C=C1Cl",6.31,,"tr"
"DTXSID4024145","51235-04-2","Hexazinone","CN(C)C1=NC(=O)N(C2CCCCC2)C(=O)N1C","CAWXEEYDBZRFPE-UHFFFAOYSA-N","CN(C)C1=NC(=O)N(C2CCCCC2)C(=O)N1C",6.36,,"tr"
"DTXSID0032605","51338-27-3","Methyl (RS)-2-[4-(2,4-dichlorophenoxy)phenoxy]propionate","COC(=O)C(C)OC1=CC=C(OC2=CC=C(Cl)C=C2Cl)C=C1","BACHBFVBHLGWSL-UHFFFAOYSA-N","COC(=O)C(C)OC1=CC=C(OC2=CC=C(Cl)C=C2Cl)C=C1",6.45,,"tr"
"DTXSID7021100","56-38-2","Parathion","CCOP(=S)(OCC)OC1=CC=C(C=C1)[N+]([O-])=O","LCCNCVORNKJIRZ-UHFFFAOYSA-N","CCOP(=S)(OCC)OC1=CC=C(C=C1)[N+]([O-])=O",6.65,,"tr"
"DTXSID7021948","114-26-1","Propoxur","CNC(=O)OC1=CC=CC=C1OC(C)C","ISRUGXGCCGIOQO-UHFFFAOYSA-N","CNC(=O)OC1=CC=CC=C1OC(C)C",6.9,,"tr"
"DTXSID2020137","92-87-5","Benzidine","NC1=CC=C(C=C1)C1=CC=C(N)C=C1","HFACYLZERDEVSX-UHFFFAOYSA-N","NC1=CC=C(C=C1)C1=CC=C(N)C=C1",6.91,,"tr"
"DTXSID3024235","85509-19-9","Flusilazole","C[Si](CN1C=NC=N1)(C1=CC=C(F)C=C1)C1=CC=C(F)C=C1","FQKUGOMFVDPBIZ-UHFFFAOYSA-N","C[Si](CN1C=NC=N1)(C1=CC=C(F)C=C1)C1=CC=C(F)C=C1",6.96,5.0,"tr"
"DTXSID5023320","59467-70-8","Midazolam","CC1=NC=C2CN=C(C3=CC=CC=C3F)C3=CC(Cl)=CC=C3N12","DDLIGBOFAVUZHB-UHFFFAOYSA-N","CC1=NC=C2CN=C(C3=CC=CC=C3F)C3=CC(Cl)=CC=C3N12",7.0,,"tr"
"DTXSID5020576","57-63-6","17alpha-Ethinylestradiol","[H][C@@]12CC[C@@](O)(C#C)[C@@]1(C)CC[C@]1([H])C3=C(CC[C@@]21[H])C=C(O)C=C3","BFPYWIDHMRZLRN-SLHNCBLASA-N","CC12CCC3C(CCC4=C3C=CC(O)=C4)C1CCC2(O)C#C",7.0,,"tr"
"DTXSID6023573","51-34-3","Scopolamine","CN1[C@H]2C[C@@H](C[C@@H]1[C@H]1O[C@@H]21)OC(=O)[C@H](CO)C1=CC=CC=C1","STECJAGHUSJQJN-FWXGHANASA-N","[H]C12CC(CC([H])(C3OC13)N2C)OC(=O)C(CO)C1=CC=CC=C1",7.0,,"tr"
"DTXSID7040788","121-00-6","2-tert-Butyl-4-methoxyphenol","COC1=CC=C(O)C(=C1)C(C)(C)C","MRBKEAMVRSLQPH-UHFFFAOYSA-N","COC1=CC=C(O)C(=C1)C(C)(C)C",7.06,,"tr"
"DTXSID2024242","76738-62-0","Paclobutrazol","CC(C)(C)[C@@H](O)[C@@H](CC1=CC=C(Cl)C=C1)N1C=NC=N1","RMOGWMIKYWRTKW-KGLIPLIRSA-N","CC(C)(C)C(O)C(CC1=CC=C(Cl)C=C1)N1C=NC=N1",7.14,,"tr"
"DTXSID7024245","40487-42-1","Pendimethalin","CCC(CC)NC1=C(C(C)=C(C)C=C1[N+]([O-])=O)[N+]([O-])=O","CHIFOSRWCNZCFN-UHFFFAOYSA-N","CCC(CC)NC1=C(C(C)=C(C)C=C1[N+]([O-])=O)[N+]([O-])=O",7.21,,"tr"
"DTXSID4020375","50-29-3","Dichlorodiphenyltrichloroethane","ClC1=CC=C(C=C1)C(C1=CC=C(Cl)C=C1)C(Cl)(Cl)Cl","YVGGHNCTFXOJCH-UHFFFAOYSA-N","ClC1=CC=C(C=C1)C(C1=CC=C(Cl)C=C1)C(Cl)(Cl)Cl",7.35,,"tr"
"DTXSID0023373","39562-70-4","Nitrendipine","CCOC(=O)C1=C(C)NC(C)=C(C1C1=CC=CC(=C1)[N+]([O-])=O)C(=O)OC","PVHUJELLJLJGLN-UHFFFAOYSA-N","CCOC(=O)C1=C(C)N=C(C)C(C1C1=CC=CC(=C1)[N+]([O-])=O)C(=O)OC",7.4,,"tr"
"DTXSID4032615","98967-40-9","Flumetsulam","CC1=NC2=NC(=NN2C=C1)S(=O)(=O)NC1=C(F)C=CC=C1F","RXCPQSJAVKGONC-UHFFFAOYSA-N","CC1=NC2=NC(=NN2C=C1)S(=O)(=O)NC1=C(F)C=CC=C1F",7.52,,"tr"
"DTXSID3022908","125-71-3","Dextromethorphan","[H][C@]12CCCC[C@]11CCN(C)[C@H]2CC2=C1C=C(OC)C=C2","MKXZASYAUGDDCJ-NJAFHUGGSA-N","[H]C12CC3=C(C=C(OC)C=C3)C3(CCCCC13)CCN2C",7.6,,"tr"
"DTXSID2022707","36505-84-7","Buspirone","O=C1CC2(CCCC2)CC(=O)N1CCCCN1CCN(CC1)C1=NC=CC=N1","QWCRAEMEVRGPNT-UHFFFAOYSA-N","O=C1CC2(CCCC2)CC(=O)N1CCCCN1CCN(CC1)C1=NC=CC=N1",7.66,,"tr"
"DTXSID8026640","99-62-7","1,3-Diisopropylbenzene","CC(C)C1=CC(=CC=C1)C(C)C","UNEATYXSUBPPKP-UHFFFAOYSA-N","CC(C)C1=CC(=CC=C1)C(C)C",7.788,,"tr"
"DTXSID3022162","1689-84-5","Bromoxynil","OC1=C(Br)C=C(C=C1Br)C#N","UPMXNNIRAGDFEH-UHFFFAOYSA-N","OC1=C(Br)C=C(C=C1Br)C#N",7.87,,"tr"
"DTXSID4046022","58-25-3","Chlordiazepoxide","CNC1=NC2=C(C=C(Cl)C=C2)C(C2=CC=CC=C2)=N(=O)C1","ANTSCNMPPGJYLG-UHFFFAOYSA-N","CNC1=NC2=C(C=C(Cl)C=C2)C(C2=CC=CC=C2)=N(=O)C1",8.0,,"tr"
"DTXSID7022174","2104-64-5","EPN","CCOP(=S)(OC1=CC=C(C=C1)[N+]([O-])=O)C1=CC=CC=C1","AIGRXSNSLVJMEA-UHFFFAOYSA-N","CCOP(=S)(OC1=CC=C(C=C1)[N+]([O-])=O)C1=CC=CC=C1",8.16,,"tr"
"DTXSID3020964","98-95-3","Nitrobenzene","[O-][N+](=O)C1=CC=CC=C1","LQNUZADURLCDLV-UHFFFAOYSA-N","[O-][N+](=O)C1=CC=CC=C1",8.168,,"tr"
"DTXSID7020392","131-17-9","Diallyl phthalate","C=CCOC(=O)C1=C(C=CC=C1)C(=O)OCC=C","QUDWYFHPNIMBFC-UHFFFAOYSA-N","C=CCOC(=O)C1=C(C=CC=C1)C(=O)OCC=C",8.216,,"tr"
"DTXSID2021993","132-64-9","Dibenzofuran","O1C2=CC=CC=C2C2=C1C=CC=C2","TXCDCPKCNAJMEE-UHFFFAOYSA-N","O1C2=CC=CC=C2C2=C1C=CC=C2",8.3,,"tr"
"DTXSID5020653","548-62-9","Gentian Violet","[Cl-].CN(C)C1=CC=C(C=C1)C(C1=CC=C(C=C1)N(C)C)=C1C=CC(C=C1)=[N+](C)C","ZXJXZNDDNMQXFV-UHFFFAOYSA-M","CN(C)C1=CC=C(C=C1)C(C1=CC=C(C=C1)N(C)C)=C1C=CC(C=C1)=[N+](C)C",8.322,,"tr"
"DTXSID7032555","103361-09-7","Flumioxazin","FC1=CC2=C(C=C1N1C(=O)C3=C(CCCC3)C1=O)N(CC#C)C(=O)CO2","FOUWCSDKDDHKQP-UHFFFAOYSA-N","FC1=CC2=C(C=C1N1C(=O)C3=C(CCCC3)C1=O)N(CC#C)C(=O)CO2",8.34,,"tr"
"DTXSID2032637","123312-89-0","Pymetrozine","CC1=NNC(=O)N(C1)\N=C\C1=CC=CN=C1","QHMTXANCGGJZRX-WUXMJOGZSA-N","CC1CN(N=CC2=CC=CN=C2)C(=O)N=N1",8.61,,"tr"
"DTXSID7021106","87-86-5","Pentachlorophenol","OC1=C(Cl)C(Cl)=C(Cl)C(Cl)=C1Cl","IZUPBVBPLAPZRR-UHFFFAOYSA-N","OC1=C(Cl)C(Cl)=C(Cl)C(Cl)=C1Cl",8.764,,"tr"
"DTXSID7024320","95-94-3","1,2,4,5-Tetrachlorobenzene","ClC1=CC(Cl)=C(Cl)C=C1Cl","JHBKHLUZVFWLAG-UHFFFAOYSA-N","ClC1=CC(Cl)=C(Cl)C=C1Cl",8.842,,"tr"
"DTXSID4021395","1582-09-8","Trifluralin","CCCN(CCC)C1=C(C=C(C=C1[N+]([O-])=O)C(F)(F)F)[N+]([O-])=O","ZSDSQXJSNMTJDA-UHFFFAOYSA-N","CCCN(CCC)C1=C(C=C(C=C1[N+]([O-])=O)C(F)(F)F)[N+]([O-])=O",8.98,,"tr"
"DTXSID0023111","109889-09-0","Granisetron","CN1N=C(C(=O)N[C@@H]2C[C@@H]3CCC[C@H](C2)N3C)C2=CC=CC=C12","MFWNKCLOYSRHCJ-BTTYYORXSA-N","[H]C12CCCC([H])(CC(C1)NC(=O)C1=NN(C)C3=CC=CC=C13)N2C",9.0,,"tr"
"DTXSID4021185","53-03-2","Prednisone","C[C@]12CC(=O)[C@H]3[C@@H](CCC4=CC(=O)C=C[C@]34C)[C@@H]1CC[C@]2(O)C(=O)CO","XOFYZVNMUHMLCC-ZPOLXVRWSA-N","CC12CC(=O)C3C(CCC4=CC(=O)C=CC34C)C1CCC2(O)C(=O)CO",9.09,,"tr"
"DTXSID7023300","83-43-2","Methylprednisolone","C[C@H]1C[C@H]2[C@@H]3CC[C@](O)(C(=O)CO)[C@@]3(C)C[C@H](O)[C@@H]2[C@@]2(C)C=CC(=O)C=C12","VHRSUDSXCMQTMA-PJHHCJLFSA-N","CC1CC2C3CCC(O)(C(=O)CO)C3(C)CC(O)C2C2(C)C=CC(=O)C=C12",9.7,,"tr"
"DTXSID9021184","50-24-8","Prednisolone","C[C@]12C[C@H](O)[C@H]3[C@@H](CCC4=CC(=O)C=C[C@]34C)[C@@H]1CC[C@]2(O)C(=O)CO","OIGNJSKKLXVSLS-VWUMJDOOSA-N","CC12CC(O)C3C(CCC4=CC(=O)C=CC34C)C1CCC2(O)C(=O)CO",9.7,,"tr"
"DTXSID9027522","3147-75-9","Octrizole","CC(C)(C)CC(C)(C)C1=CC(N2N=C3C=CC=CC3=N2)=C(O)C=C1","IYAZLDLPUNDVAG-UHFFFAOYSA-N","CC(C)(C)CC(C)(C)C1=CC(N2N=C3C=CC=CC3=N2)=C(O)C=C1",9.802,,"tr"
"DTXSID5041691","35256-85-0","Butam","CC(C)N(CC1=CC=CC=C1)C(=O)C(C)(C)C","RJKCKKDSSSRYCB-UHFFFAOYSA-N","CC(C)N(CC1=CC=CC=C1)C(=O)C(C)(C)C",9.846,,"tr"
"DTXSID6047286","123122-55-4","Candoxatril","COCCOC[C@H](CC1(CCCC1)C(=O)N[C@H]1CC[C@H](CC1)C(O)=O)C(=O)OC1=CC2=C(CCC2)C=C1","ZTWZVMIYIIVABD-OEMFJLHTSA-N","COCCOCC(CC1(CCCC1)C(=O)NC1CCC(CC1)C(O)=O)C(=O)OC1=CC2=C(CCC2)C=C1",9.898,,"tr"
"DTXSID5034303","81406-37-3","Fluroxypyr-meptyl","CCCCCCC(C)OC(=O)COC1=NC(F)=C(Cl)C(N)=C1Cl","OLZQTUCTGLHFTQ-UHFFFAOYSA-N","CCCCCCC(C)OC(=O)COC1=NC(F)=C(Cl)C(N)=C1Cl",9.92,,"tr"
"DTXSID8020628","2164-17-2","Fluometuron","CN(C)C(=O)NC1=CC=CC(=C1)C(F)(F)F","RZILCCPWPBTYDO-UHFFFAOYSA-N","CN(C)C(=O)NC1=CC=CC(=C1)C(F)(F)F",10.06,,"tr"
"DTXSID7024164","83055-99-6","Bensulfuron-methyl","COC(=O)C1=C(CS(=O)(=O)NC(=O)NC2=NC(OC)=CC(OC)=N2)C=CC=C1","XMQFTWRPUQYINF-UHFFFAOYSA-N","COC(=O)C1=C(CS(=O)(=O)NC(=O)NC2=NC(OC)=CC(OC)=N2)C=CC=C1",10.26,,"tr"
"DTXSID9034868","94125-34-5","Prosulfuron","COC1=NC(C)=NC(NC(=O)NS(=O)(=O)C2=C(CCC(F)(F)F)C=CC=C2)=N1","LTUNNEGNEKBSEH-UHFFFAOYSA-N","COC1=NC(C)=NC(NC(=O)NS(=O)(=O)C2=C(CCC(F)(F)F)C=CC=C2)=N1",10.37,,"tr"
"DTXSID2024086","563-12-2","Ethion","CCOP(=S)(OCC)SCSP(=S)(OCC)OCC","RIZMRRKBZQXFOY-UHFFFAOYSA-N","CCOP(=S)(OCC)SCSP(=S)(OCC)OCC",10.414,,"tr"
"DTXSID2034465","210880-92-5","Clothianidin","CN\C(NCC1=CN=C(Cl)S1)=N/[N+]([O-])=O","PGOOBECODWQEAB-UHFFFAOYSA-N","CN\C(NCC1=CN=C(Cl)S1)=N/[N+]([O-])=O",10.73,,"tr"
"DTXSID7027047","127-51-5","alpha-Isomethylionone","CC(=O)C(C)=CC1C(C)=CCCC1(C)C","JRJBVWJSTHECJK-UHFFFAOYSA-N","CC(=O)C(C)=CC1C(C)=CCCC1(C)C",10.8,,"tr"
"DTXSID6022896","50-47-5","Desipramine","CNCCCN1C2=C(CCC3=C1C=CC=C3)C=CC=C2","HCYAFALTSJYZDH-UHFFFAOYSA-N","CNCCCN1C2=C(CCC3=C1C=CC=C3)C=CC=C2",11.0,,"tr"
"DTXSID0020785","76956-02-0","Loxtidine","CN1N=C(CO)N=C1NCCCOC1=CC=CC(CN2CCCCC2)=C1","VTLNPNNUIJHJQB-UHFFFAOYSA-N","CN1N=C(CO)N=C1NCCCOC1=CC=CC(CN2CCCCC2)=C1",11.0,,"tr"
"DTXSID1023524","469-62-5","Propoxyphene","CCC(=O)O[C@@](CC1=CC=CC=C1)([C@H](C)CN(C)C)C1=CC=CC=C1","XLMALTXPSGQGBX-GCJKJVERSA-N","CCC(=O)OC(CC1=CC=CC=C1)(C(C)CN(C)C)C1=CC=CC=C1",11.0,,"tr"
"DTXSID2021026","924-16-3","N-Nitrosodibutylamine","CCCCN(CCCC)N=O","YGJHZCLPZAZIHH-UHFFFAOYSA-N","CCCCN(CCCC)N=O",11.118,,"tr"
"DTXSID8032548","114369-43-6","Fenbuconazole","ClC1=CC=C(CCC(CN2C=NC=N2)(C#N)C2=CC=CC=C2)C=C1","RQDJADAKIFFEKQ-UHFFFAOYSA-N","ClC1=CC=C(CCC(CN2C=NC=N2)(C#N)C2=CC=CC=C2)C=C1",11.19,3.89,"tr"
"DTXSID6024206","2212-67-1","Molinate","CCSC(=O)N1CCCCCC1","DEDOPGXGGQYYMW-UHFFFAOYSA-N","CCSC(=O)N1CCCCCC1",11.6,,"tr"
"DTXSID9024304","74051-80-2","Sethoxydim","CCCC(=NOCC)C1=C(O)CC(CC(C)SCC)CC1=O","CSPPKDPQLUUTND-UHFFFAOYSA-N","CCCC(=NOCC)C1C(=O)CC(CC(C)SCC)CC1=O",11.87,,"tr"
"DTXSID3038939","754-91-6","Perfluorooctanesulfonamide","NS(=O)(=O)C(F)(F)C(F)(F)C(F)(F)C(F)(F)C(F)(F)C(F)(F)C(F)(F)C(F)(F)F","RRRXPPIDPYTNJG-UHFFFAOYSA-N","NS(=O)(=O)C(F)(F)C(F)(F)C(F)(F)C(F)(F)C(F)(F)C(F)(F)C(F)(F)C(F)(F)F",11.926,,"tr"
"DTXSID7040362","50-65-7","Niclosamide","OC1=C(C=C(Cl)C=C1)C(=O)NC1=CC=C(C=C1Cl)[N+]([O-])=O","RJMUSRYZPJIFPJ-UHFFFAOYSA-N","OC1=C(C=C(Cl)C=C1)C(=O)NC1=CC=C(C=C1Cl)[N+]([O-])=O",12.0,,"tr"
"DTXSID8024105","86-73-7","Fluorene","C1C2=C(C=CC=C2)C2=C1C=CC=C2","NIHNNTQXNPWCJQ-UHFFFAOYSA-N","C1C2=C(C=CC=C2)C2=C1C=CC=C2",12.076,,"tr"
"DTXSID0020446","330-54-1","Diuron","CN(C)C(=O)NC1=CC(Cl)=C(Cl)C=C1","XMTQQYYKAHVGBJ-UHFFFAOYSA-N","CN(C)C(=O)NC1=CC(Cl)=C(Cl)C=C1",12.15,2.74,"tr"
"DTXSID7021237","50-55-5","Reserpine","[H][C@]12C[C@@H](OC(=O)C3=CC(OC)=C(OC)C(OC)=C3)[C@H](OC)[C@@H](C(=O)OC)[C@@]1([H])C[C@@]1([H])N(CCC3=C1NC1=C3C=CC(OC)=C1)C2","QEVHRUUCFGRFIF-MDEJGZGSSA-N","COC1C(CC2CN3CCC4=C(NC5=CC(OC)=CC=C45)C3CC2C1C(=O)OC)OC(=O)C1=CC(OC)=C(OC)C(OC)=C1",12.252,,"tr"
"DTXSID7024902","533-74-4","Dazomet","CN1CSC(=S)N(C)C1","QAYICIQNSGETAS-UHFFFAOYSA-N","CN1CSC(=S)N(C)C1",12.42,,"tr"
"DTXSID4042121","110235-47-7","Mepanipyrim","CC#CC1=CC(C)=NC(NC2=CC=CC=C2)=N1","CIFWZNRJIBNXRE-UHFFFAOYSA-N","CC#CC1=CC(C)=NC(NC2=CC=CC=C2)=N1",12.42,,"tr"
"DTXSID0034227","119515-38-7","Icaridin","CCC(C)OC(=O)N1CCCCC1CCO","QLHULAHOXSSASE-UHFFFAOYSA-N","CCC(C)OC(=O)N1CCCCC1CCO",12.56,,"tr"
"DTXSID6032352","5598-13-0","Chlorpyrifos-methyl","COP(=S)(OC)OC1=NC(Cl)=C(Cl)C=C1Cl","HRBKVYFZANMGRE-UHFFFAOYSA-N","COP(=S)(OC)OC1=NC(Cl)=C(Cl)C=C1Cl",12.82,,"tr"
"DTXSID3041376","24602-86-6","Tridemorph","CCCCCCCCCCCCCN1CC(C)OC(C)C1","YTOPFCCWCSOHFV-UHFFFAOYSA-N","CCCCCCCCCCCCCN1CC(C)OC(C)C1",12.912,,"tr"
"DTXSID7022966","1668-19-5","Doxepin","CN(C)CC\C=C1/C2=C(COC3=C1C=CC=C3)C=CC=C2","ODQWQRRAPPTVAG-GZTJUZNOSA-N","CN(C)CCC=C1C2=CC=CC=C2COC2=CC=CC=C12",13.0,,"tr"
"DTXSID2020686","58-89-9","Lindane","Cl[C@H]1[C@H](Cl)[C@@H](Cl)[C@@H](Cl)[C@H](Cl)[C@H]1Cl","JLYXXMFPNIAWKQ-GNIYUCBRSA-N","ClC1C(Cl)C(Cl)C(Cl)C(Cl)C1Cl",13.24,5.29,"tr"
"DTXSID9032379","97886-45-8","Dithiopyr","CSC(=O)C1=C(N=C(C(C(=O)SC)=C1CC(C)C)C(F)(F)F)C(F)F","YUBJPYNSGLJZPQ-UHFFFAOYSA-N","CSC(=O)C1=C(N=C(C(C(=O)SC)=C1CC(C)C)C(F)(F)F)C(F)F",13.25,17.51,"tr"
"DTXSID0023878","120-12-7","Anthracene","C1=CC2=CC3=C(C=CC=C3)C=C2C=C1","MWPLVEDNUUSJAV-UHFFFAOYSA-N","C1=CC2=CC3=C(C=CC=C3)C=C2C=C1",13.332,,"tr"
"DTXSID4032405","23422-53-9","Formetanate hydrochloride","Cl.CNC(=O)OC1=CC=CC(=C1)N=CN(C)C","MYPKGPZHHQEODQ-UHFFFAOYSA-N","CNC(=O)OC1=CC=CC(=C1)N=CN(C)C",13.72,11.18,"tr"
"DTXSID4022810","113-59-7","Chlorprothixene","CN(C)CC\C=C1/C2=CC=CC=C2SC2=C1C=C(Cl)C=C2","WSPOMRSOLSGNFJ-VGOFMYFVSA-N","CN(C)CCC=C1C2=CC=CC=C2SC2=CC=C(Cl)C=C12",14.0,,"tr"
"DTXSID3024239","19666-30-9","Oxadiazon","CC(C)OC1=CC(N2N=C(OC2=O)C(C)(C)C)=C(Cl)C=C1Cl","CHNUNORXWHYHNE-UHFFFAOYSA-N","CC(C)OC1=CC(N2N=C(OC2=O)C(C)(C)C)=C(Cl)C=C1Cl",14.02,7.26,"tr"
"DTXSID6022341","1610-18-0","Prometon","COC1=NC(NC(C)C)=NC(NC(C)C)=N1","ISEUFVQQFVOBCY-UHFFFAOYSA-N","COC1=NC(NC(C)C)=NC(NC(C)C)=N1",14.11,,"tr"
"DTXSID0021254","94-59-7","Safrole","C=CCC1=CC=C2OCOC2=C1","ZMQAAUBTXCXRIC-UHFFFAOYSA-N","C=CCC1=CC=C2OCOC2=C1",14.124,,"tr"
"DTXSID8024109","66332-96-5","Flutolanil","CC(C)OC1=CC(NC(=O)C2=C(C=CC=C2)C(F)(F)F)=CC=C1","PTCGDEVVHUXTMP-UHFFFAOYSA-N","CC(C)OC1=CC(NC(=O)C2=C(C=CC=C2)C(F)(F)F)=CC=C1",14.17,,"tr"
"DTXSID1020855","298-00-0","Methyl parathion","COP(=S)(OC)OC1=CC=C(C=C1)[N+]([O-])=O","RLBIQVVOMOPOHC-UHFFFAOYSA-N","COP(=S)(OC)OC1=CC=C(C=C1)[N+]([O-])=O",14.19,,"tr"
"DTXSID2032500","68694-11-1","Triflumizole","CCCOC\C(=N/C1=C(C=C(Cl)C=C1)C(F)(F)F)N1C=CN=C1","HSMVPDGQOIQYSR-KGENOOAVSA-N","CCCOCC(=NC1=CC=C(Cl)C=C1C(F)(F)F)N1C=CN=C1",14.25,20.62,"tr"
"DTXSID4026684","101-86-0","2-(Phenylmethylene)octanal","CCCCCCC(C=O)=CC1=CC=CC=C1","GUUHFMWKWLOQMM-UHFFFAOYSA-N","CCCCCCC(C=O)=CC1=CC=CC=C1",14.364,,"tr"
"DTXSID2021238","108-46-3","Resorcinol","OC1=CC(O)=CC=C1","GHMLBKRAJCXXBS-UHFFFAOYSA-N","OC1=CC(O)=CC=C1",14.48,,"tr"
"DTXSID0024345","82097-50-5","Triasulfuron","COC1=NC(C)=NC(NC(=O)NS(=O)(=O)C2=C(OCCCl)C=CC=C2)=N1","XOPFESVZMSQIKC-UHFFFAOYSA-N","COC1=NC(C)=NC(NC(=O)NS(=O)(=O)C2=C(OCCCl)C=CC=C2)=N1",14.58,,"tr"
"DTXSID3023897","43121-43-3","Triadimefon","CC(C)(C)C(=O)C(OC1=CC=C(Cl)C=C1)N1C=NC=N1","WURBVZBTWMNKQT-UHFFFAOYSA-N","CC(C)(C)C(=O)C(OC1=CC=C(Cl)C=C1)N1C=NC=N1",14.59,11.44,"tr"
"DTXSID1021116","62-44-2","Phenacetin","CCOC1=CC=C(NC(C)=O)C=C1","CPJSUEIXXCENMM-UHFFFAOYSA-N","CCOC1=CC=C(NC(C)=O)C=C1",14.72,,"tr"
"DTXSID1022845","1622-61-3","Clonazepam","[O-][N+](=O)C1=CC2=C(NC(=O)CN=C2C2=CC=CC=C2Cl)C=C1","DGBIGWXXNGSACT-UHFFFAOYSA-N","[O-][N+](=O)C1=CC2=C(NC(=O)CN=C2C2=CC=CC=C2Cl)C=C1",15.0,,"tr"
"DTXSID6022345","789-02-6","o,p'-DDT","ClC1=CC=C(C=C1)C(C1=CC=CC=C1Cl)C(Cl)(Cl)Cl","CVUGPAFCQJIYDT-UHFFFAOYSA-N","ClC1=CC=C(C=C1)C(C1=CC=CC=C1Cl)C(Cl)(Cl)Cl",15.09,,"tr"
"DTXSID9020582","91-53-2","Ethoxyquin","CCOC1=CC2=C(NC(C)(C)C=C2C)C=C1","DECIPOUIJURFOJ-UHFFFAOYSA-N","CCOC1=CC2=C(NC(C)(C)C=C2C)C=C1",15.156,,"tr"
"DTXSID7025895","101-54-2","N-Phenyl-1,4-benzenediamine","NC1=CC=C(NC2=CC=CC=C2)C=C1","ATGUVEKSASEFFO-UHFFFAOYSA-N","NC1=CC=C(NC2=CC=CC=C2)C=C1",15.586,,"tr"
"DTXSID2032683","7786-34-7","Mevinphos","COC(=O)C=C(C)OP(=O)(OC)OC","GEPDYQSQVLXLEU-UHFFFAOYSA-N","COC(=O)C=C(C)OP(=O)(OC)OC",15.62,,"tr"
"DTXSID6024460","60-09-3","4-Aminoazobenzene","NC1=CC=C(C=C1)\N=N\C1=CC=CC=C1","QPQKUYVSJWQSDY-CCEZHUSRSA-N","NC1=CC=C(C=C1)N=NC1=CC=CC=C1",15.698,,"tr"
"DTXSID0034223","119168-77-3","Tebufenpyrad","CCC1=NN(C)C(C(=O)NCC2=CC=C(C=C2)C(C)(C)C)=C1Cl","ZZYSLNWGKKDOML-UHFFFAOYSA-N","CCC1=NN(C)C(C(=O)NCC2=CC=C(C=C2)C(C)(C)C)=C1Cl",15.94,,"tr"
"DTXSID6027218","579-66-8","2,6-Diethylaniline","CCC1=CC=CC(CC)=C1N","FOYHNROGBXVLLX-UHFFFAOYSA-N","CCC1=CC=CC(CC)=C1N",16.13,,"tr"
"DTXSID4034653","79983-71-4","Hexaconazole","CCCCC(O)(CN1C=NC=N1)C1=CC=C(Cl)C=C1Cl","STMIIPIFODONDC-UHFFFAOYSA-N","CCCCC(O)(CN1C=NC=N1)C1=CC=C(Cl)C=C1Cl",16.22,46.16,"tr"
"DTXSID7032470","31218-83-4","Propetamphos","CCNP(=S)(OC)O\C(C)=C\C(=O)OC(C)C","BZNDWPRGXNILMS-VQHVLOKHSA-N","CCNP(=S)(OC)OC(C)=CC(=O)OC(C)C",16.24,,"tr"
"DTXSID2034625","361377-29-9","Fluoxastrobin","CO\N=C(\C1=NOCCO1)C1=C(OC2=C(F)C(OC3=C(Cl)C=CC=C3)=NC=N2)C=CC=C1","UFEODZBUAFNAEU-NLRVBDNBSA-N","CON=C(C1=NOCCO1)C1=C(OC2=C(F)C(OC3=C(Cl)C=CC=C3)=NC=N2)C=CC=C1",16.35,,"tr"
"DTXSID4024270","67747-09-5","Prochloraz","CCCN(CCOC1=C(Cl)C=C(Cl)C=C1Cl)C(=O)N1C=CN=C1","TVLSRXXIMLFWEO-UHFFFAOYSA-N","CCCN(CCOC1=C(Cl)C=C(Cl)C=C1Cl)C(=O)N1C=CN=C1",16.4,,"tr"
"DTXSID5021831","99-08-1","3-Nitrotoluene","CC1=CC(=CC=C1)[N+]([O-])=O","QZYHIOPPLUPUJF-UHFFFAOYSA-N","CC1=CC(=CC=C1)[N+]([O-])=O",16.822,,"tr"
"DTXSID1032640","95737-68-1","Pyriproxyfen","CC(COC1=CC=C(OC2=CC=CC=C2)C=C1)OC1=NC=CC=C1","NHDHVHZZCFYRSB-UHFFFAOYSA-N","CC(COC1=CC=C(OC2=CC=CC=C2)C=C1)OC1=NC=CC=C1",16.86,,"tr"
"DTXSID9047257","127308-82-1","Zamifenacin","C(CC1=CC2=C(OCO2)C=C1)N1CCC[C@H](C1)OC(C1=CC=CC=C1)C1=CC=CC=C1","BDNFQGRSKSQXRI-XMMPIXPASA-N","C(CC1=CC=C2OCOC2=C1)N1CCCC(C1)OC(C1=CC=CC=C1)C1=CC=CC=C1",17.108,,"tr"
"DTXSID8027581","4904-61-4","1,5,9-Cyclododecatriene","C1CC=CCCC=CCCC=C1","ZOLLIQAKMYWTBR-UHFFFAOYSA-N","C1CC=CCCC=CCCC=C1",17.278,,"tr"
"DTXSID6034392","188425-85-6","Boscalid","ClC1=CC=C(C=C1)C1=C(NC(=O)C2=C(Cl)N=CC=C2)C=CC=C1","WYEMLYFITZORAB-UHFFFAOYSA-N","ClC1=CC=C(C=C1)C1=C(NC(=O)C2=C(Cl)N=CC=C2)C=CC=C1",17.28,12.04,"tr"
"DTXSID8034580","26225-79-6","Ethofumesate","CCOC1OC2=C(C=C(OS(C)(=O)=O)C=C2)C1(C)C","IRCMYGHHKLLGHV-UHFFFAOYSA-N","CCOC1OC2=C(C=C(OS(C)(=O)=O)C=C2)C1(C)C",17.64,56.4,"tr"
"DTXSID2034590","161326-34-7","Fenamidone","CSC1=N[C@](C)(C(=O)N1NC1=CC=CC=C1)C1=CC=CC=C1","LMVPQMGRYSRMIW-KRWDZBQOSA-N","CSC1=NC(C)(C(=O)N1NC1=CC=CC=C1)C1=CC=CC=C1",17.74,,"tr"
"DTXSID9021976","122-99-6","2-Phenoxyethanol","OCCOC1=CC=CC=C1","QCDWFXQBSFUVSP-UHFFFAOYSA-N","OCCOC1=CC=CC=C1",17.89,,"tr"
"DTXSID3025091","119-90-4","3,3'-Dimethoxybenzidine","COC1=CC(=CC=C1N)C1=CC(OC)=C(N)C=C1","JRBJSXQPQWSCCF-UHFFFAOYSA-N","COC1=CC(=CC=C1N)C1=CC(OC)=C(N)C=C1",18.046,,"tr"
"DTXSID5023902","56-55-3","Benz(a)anthracene","C1=CC2=C(C=C1)C=C1C(C=CC3=C1C=CC=C3)=C2","DXBHBZVCASKNBY-UHFFFAOYSA-N","C1=CC2=C(C=C1)C=C1C(C=CC3=C1C=CC=C3)=C2",18.27,,"tr"
"DTXSID6024337","28249-77-6","Thiobencarb","CCN(CC)C(=O)SCC1=CC=C(Cl)C=C1","QHTQREMOGMZHJV-UHFFFAOYSA-N","CCN(CC)C(=O)SCC1=CC=C(Cl)C=C1",18.28,,"tr"
"DTXSID4022361","50471-44-8","Vinclozolin","CC1(OC(=O)N(C1=O)C1=CC(Cl)=CC(Cl)=C1)C=C","FSCWZHGZWWDELK-UHFFFAOYSA-N","CC1(OC(=O)N(C1=O)C1=CC(Cl)=CC(Cl)=C1)C=C",18.34,,"tr"
"DTXSID8034401","69327-76-0","Buprofezin","CC(C)N1C(SCN(C1=O)C1=CC=CC=C1)=NC(C)(C)C","PRLVTUNWOQKEAI-UHFFFAOYSA-N","CC(C)N1C(SCN(C1=O)C1=CC=CC=C1)=NC(C)(C)C",18.47,,"tr"
"DTXSID8034586","153233-91-1","Etoxazole","CCOC1=C(C=CC(=C1)C(C)(C)C)C1COC(=N1)C1=C(F)C=CC=C1F","IXSZQYVWNJNRAL-UHFFFAOYSA-N","CCOC1=C(C=CC(=C1)C(C)(C)C)C1COC(=N1)C1=C(F)C=CC=C1F",18.48,42.28,"tr"
"DTXSID9032537","7173-51-5","Didecyldimethylammonium chloride","[Cl-].CCCCCCCCCC[N+](C)(C)CCCCCCCCCC","RUPBZQFQVRMKDG-UHFFFAOYSA-M","CCCCCCCCCC[N+](C)(C)CCCCCCCCCC",18.65,,"tr"
"DTXSID5022308","446-72-0","Genistein","OC1=CC=C(C=C1)C1=COC2=C(C(O)=CC(O)=C2)C1=O","TZBJGXHYKVUXJN-UHFFFAOYSA-N","OC1=CC=C(C=C1)C1=COC2=C(C(O)=CC(O)=C2)C1=O",18.686,,"tr"
"DTXSID5021386","88-06-2","2,4,6-Trichlorophenol","OC1=C(Cl)C=C(Cl)C=C1Cl","LINPIYWFGCPVIE-UHFFFAOYSA-N","OC1=C(Cl)C=C(Cl)C=C1Cl",18.756,,"tr"
"DTXSID7022332","99-71-8","4-(Butan-2-yl)phenol","CCC(C)C1=CC=C(O)C=C1","ZUTYZAFDFLLILI-UHFFFAOYSA-N","CCC(C)C1=CC=C(O)C=C1",19.026,,"tr"
"DTXSID7020182","80-05-7","Bisphenol A","CC(C)(C1=CC=C(O)C=C1)C1=CC=C(O)C=C1","IISBACLAFKSPIT-UHFFFAOYSA-N","CC(C)(C1=CC=C(O)C=C1)C1=CC=C(O)C=C1",19.29,0.0,"tr"
"DTXSID5023871","33089-61-1","Amitraz","CN(\C=N\C1=C(C)C=C(C)C=C1)\C=N\C1=C(C)C=C(C)C=C1","QXAITBQSYVNQDR-ZIOPAAQOSA-N","CN(C=NC1=CC=C(C)C=C1C)C=NC1=CC=C(C)C=C1C",19.3,,"tr"
"DTXSID7034676","42509-80-8","Isazofos","CCOP(=S)(OCC)OC1=NN(C(C)C)C(Cl)=N1","XRHGWAGWAHHFLF-UHFFFAOYSA-N","CCOP(=S)(OCC)OC1=NN(C(C)C)C(Cl)=N1",19.53,81.88,"tr"
"DTXSID1020350","120-71-8","2-Methoxy-5-methylaniline","COC1=CC=C(C)C=C1N","WXWCDTXEKCVRRO-UHFFFAOYSA-N","COC1=CC=C(C)C=C1N",19.532,,"tr"
"DTXSID9023122","56-29-1","Hexobarbital","CN1C(O)=NC(=O)C(C)(C2=CCCCC2)C1=O","UYXAWHWODHRRMR-UHFFFAOYSA-N","CN1C(O)=NC(=O)C(C)(C2=CCCCC2)C1=O",19.8,,"tr"
"DTXSID8024238","19044-88-3","Oryzalin","CCCN(CCC)C1=C(C=C(C=C1[N+]([O-])=O)S(N)(=O)=O)[N+]([O-])=O","UNAHYJYOSSSJHH-UHFFFAOYSA-N","CCCN(CCC)C1=C(C=C(C=C1[N+]([O-])=O)S(N)(=O)=O)[N+]([O-])=O",20.2,,"tr"
"DTXSID7034545","110488-70-5","Dimethomorph","COC1=C(OC)C=C(C=C1)C(=CC(=O)N1CCOCC1)C1=CC=C(Cl)C=C1","QNBTYORWCCMPQP-UHFFFAOYSA-N","COC1=C(OC)C=C(C=C1)C(=CC(=O)N1CCOCC1)C1=CC=C(Cl)C=C1",20.3,,"tr"
"DTXSID0021832","99-97-8","N,N,4-Trimethylaniline","CN(C)C1=CC=C(C)C=C1","GYVGXEWAOAAJEU-UHFFFAOYSA-N","CN(C)C1=CC=C(C)C=C1",20.38,,"tr"
"DTXSID9024063","576-26-1","2,6-Dimethylphenol","CC1=CC=CC(C)=C1O","NXXYKOUNUYWIHA-UHFFFAOYSA-N","CC1=CC=CC(C)=C1O",20.52,,"tr"
"DTXSID9047540","6344-67-8","3-Hydroxyfluorene","OC1=CC2=C(CC3=CC=CC=C23)C=C1","PVUBSZGNXLNTLX-UHFFFAOYSA-N","OC1=CC2=C(CC3=CC=CC=C23)C=C1",20.56,,"tr"
"DTXSID6021248","83-79-4","Rotenone","COC1=CC2=C(C=C1OC)[C@H]1[C@@H](CO2)OC2=C(C=CC3=C2C[C@@H](O3)C(C)=C)C1=O","JUVIOZPCNVVQFO-HBGVWJBISA-N","COC1=CC2=C(C=C1OC)C1C(CO2)OC2=C3CC(OC3=CC=C2C1=O)C(C)=C",20.92,,"tr"
"DTXSID8021771","80-46-6","4-(2-Methylbutan-2-yl)phenol","CCC(C)(C)C1=CC=C(O)C=C1","NRZWYNLTFLDQQX-UHFFFAOYSA-N","CCC(C)(C)C1=CC=C(O)C=C1",20.9555741827326,,"tr"
"DTXSID9047592","484-17-3","9-Phenanthrol","OC1=CC2=C(C=CC=C2)C2=CC=CC=C12","DZKIUEHLEXLYKM-UHFFFAOYSA-N","OC1=CC2=C(C=CC=C2)C2=CC=CC=C12",20.98,,"tr"
"DTXSID7041623","15310-01-7","Benodanil","IC1=C(C=CC=C1)C(=O)NC1=CC=CC=C1","LJOZMWRYMKECFF-UHFFFAOYSA-N","IC1=C(C=CC=C1)C(=O)NC1=CC=CC=C1",21.4,,"tr"
"DTXSID2021105","82-68-8","Pentachloronitrobenzene","[O-][N+](=O)C1=C(Cl)C(Cl)=C(Cl)C(Cl)=C1Cl","LKPLKUMXSAEKID-UHFFFAOYSA-N","[O-][N+](=O)C1=C(Cl)C(Cl)=C(Cl)C(Cl)=C1Cl",21.82,,"tr"
"DTXSID5020784","75330-75-5","Lovastatin","[H][C@]12[C@H](C[C@@H](C)C=C1C=C[C@H](C)[C@@H]2CC[C@@H]1C[C@@H](O)CC(=O)O1)OC(=O)[C@@H](C)CC","PCZOHLXUXFIOCF-BXMDZJJMSA-N","CCC(C)C(=O)OC1CC(C)C=C2C=CC(C)C(CCC3CC(O)CC(=O)O3)C12",21.9,,"tr"
"DTXSID8023719","97322-87-7","Troglitazone","CC1=C(O)C(C)=C2CCC(C)(COC3=CC=C(CC4SC(=O)NC4=O)C=C3)OC2=C1C","GXPHKUHSUJUWKP-UHFFFAOYSA-N","CC1=C(O)C(C)=C2CCC(C)(COC3=CC=C(CC4SC(=O)NC4=O)C=C3)OC2=C1C",21.9,193.0,"tr"
"DTXSID4034948","112410-23-8","Tebufenozide","CCC1=CC=C(C=C1)C(=O)NN(C(=O)C1=CC(C)=CC(C)=C1)C(C)(C)C","QYPNKSZPJQQLRK-UHFFFAOYSA-N","CCC1=CC=C(C=C1)C(=O)NN(C(=O)C1=CC(C)=CC(C)=C1)C(C)(C)C",22.4,,"tr"
"DTXSID9020089","101-05-3","Anilazine","ClC1=CC=CC=C1NC1=NC(Cl)=NC(Cl)=N1","IMHBYKMAHXWHRP-UHFFFAOYSA-N","ClC1=CC=CC=C1NC1=NC(Cl)=NC(Cl)=N1",22.5,,"tr"
"DTXSID1032569","23103-98-2","Pirimicarb","CN(C)C(=O)OC1=C(C)C(C)=NC(=N1)N(C)C","YFGYUFNIOHWBOB-UHFFFAOYSA-N","CN(C)C(=O)OC1=C(C)C(C)=NC(=N1)N(C)C",22.53,,"tr"
"DTXSID1032482","96182-53-5","Tebupirimfos","CCOP(=S)(OC(C)C)OC1=CN=C(N=C1)C(C)(C)C","AWYOMXWDGWUJHS-UHFFFAOYSA-N","CCOP(=S)(OC(C)C)OC1=CN=C(N=C1)C(C)(C)C",22.64,,"tr"
"DTXSID2020341","76-57-3","Codeine","COC1=C2O[C@H]3[C@@H](O)C=C[C@H]4[C@H]5CC(C=C1)=C2[C@@]34CCN5C","OROGSEYTTFOCAN-DNJOTXNNSA-N","[H]C12CC3=C4C(OC5C(O)C=CC1C45CCN2C)=C(OC)C=C3",23.0,,"tr"
"DTXSID7032393","72490-01-8","Fenoxycarb","CCOC(=O)NCCOC1=CC=C(OC2=CC=CC=C2)C=C1","HJUFTIJOISQSKQ-UHFFFAOYSA-N","CCOC(=O)NCCOC1=CC=C(OC2=CC=CC=C2)C=C1",23.1,,"tr"
"DTXSID5024261","732-11-6","Phosmet","COP(=S)(OC)SCN1C(=O)C2=C(C=CC=C2)C1=O","LMNZTLDVJIUSHT-UHFFFAOYSA-N","COP(=S)(OC)SCN1C(=O)C2=C(C=CC=C2)C1=O",23.82,,"tr"
"DTXSID4024729","10605-21-7","Carbendazim","COC(=O)NC1=NC2=CC=CC=C2N1","TWFZGCMQGLPBSX-UHFFFAOYSA-N","COC(=O)NC1=NC2=CC=CC=C2N1",24.0,,"tr"
"DTXSID9023336","57-27-2","Morphine","CN1CC[C@]23[C@H]4OC5=C(O)C=CC(C[C@@H]1[C@@H]2C=C[C@@H]4O)=C35","BQJCRHHNABKAKU-KBQPJGBKSA-N","[H]C12CC3=C4C(OC5C(O)C=CC1C45CCN2C)=C(O)C=C3",24.0,,"tr"
"DTXSID4032372","119446-68-3","Difenoconazole","CC1COC(CN2C=NC=N2)(O1)C1=C(Cl)C=C(OC2=CC=C(Cl)C=C2)C=C1","BQYJATMQXGBDHF-UHFFFAOYSA-N","CC1COC(CN2C=NC=N2)(O1)C1=C(Cl)C=C(OC2=CC=C(Cl)C=C2)C=C1",24.21,,"tr"
"DTXSID0023581","79902-63-9","Simvastatin","CCC(C)(C)C(=O)O[C@H]1C[C@@H](C)C=C2C=C[C@H](C)[C@H](CC[C@@H]3C[C@@H](O)CC(=O)O3)[C@@H]12","RYMZZMVNJRMUDD-HGQWONQESA-N","CCC(C)(C)C(=O)OC1CC(C)C=C2C=CC(C)C(CCC3CC(O)CC(=O)O3)C12",24.3,,"tr"
"DTXSID0023951","5234-68-4","Carboxin","CC1=C(SCCO1)C(=O)NC1=CC=CC=C1","GYSSRZJIHXQEHQ-UHFFFAOYSA-N","CC1=C(SCCO1)C(=O)NC1=CC=CC=C1",24.41,,"tr"
"DTXSID5032577","79538-32-2","Tefluthrin","CC1=C(F)C(F)=C(COC(=O)C2C(\C=C(/Cl)C(F)(F)F)C2(C)C)C(F)=C1F","ZFHGXWPMULPQSE-WTKPLQERSA-N","CC1=C(F)C(F)=C(COC(=O)C2C(C=C(Cl)C(F)(F)F)C2(C)C)C(F)=C1F",24.81,,"tr"
"DTXSID3020384","50-02-2","Dexamethasone","[H][C@@]12C[C@@H](C)[C@](O)(C(=O)CO)[C@@]1(C)C[C@H](O)[C@@]1(F)[C@@]2([H])CCC2=CC(=O)C=C[C@]12C","UREBDLICKHMUKA-CXSFZGCWSA-N","CC1CC2C3CCC4=CC(=O)C=CC4(C)C3(F)C(O)CC2(C)C1(O)C(=O)CO",25.0,,"tr"
"DTXSID7024376","1929-77-7","Vernolate","CCCSC(=O)N(CCC)CCC","OKUGPJPKMAEJOE-UHFFFAOYSA-N","CCCSC(=O)N(CCC)CCC",25.1,,"tr"
"DTXSID70215523","65216-93-5","3-Ethoxychromen-2-one","CCOC1=CC2=CC=CC=C2OC1=O","PPGXDBJURPEKDZ-UHFFFAOYSA-N","CCOC1=CC2=CC=CC=C2OC1=O",26.0,,"tr"
"DTXSID4024359","95-95-4","2,4,5-Trichlorophenol","OC1=C(Cl)C=C(Cl)C(Cl)=C1","LHJGJYXLEPZJPM-UHFFFAOYSA-N","OC1=C(Cl)C=C(Cl)C(Cl)=C1",26.24,,"tr"
"DTXSID1021952","115-86-6","Triphenyl phosphate","O=P(OC1=CC=CC=C1)(OC1=CC=CC=C1)OC1=CC=CC=C1","XZZNDPSIHUTMOC-UHFFFAOYSA-N","O=P(OC1=CC=CC=C1)(OC1=CC=CC=C1)OC1=CC=CC=C1",26.44,,"tr"
"DTXSID5023950","55285-14-8","Carbosulfan","CCCCN(CCCC)SN(C)C(=O)OC1=C2OC(C)(C)CC2=CC=C1","JLQUFIHWVLZVTJ-UHFFFAOYSA-N","CCCCN(CCCC)SN(C)C(=O)OC1=C2OC(C)(C)CC2=CC=C1",26.74,,"tr"
"DTXSID1020221","98-54-4","4-tert-Butylphenol","CC(C)(C)C1=CC=C(O)C=C1","QHPQWRBYOIRBIT-UHFFFAOYSA-N","CC(C)(C)C1=CC=C(O)C=C1",26.8,,"tr"
"DTXSID1034634","68157-60-8","Forchlorfenuron","ClC1=NC=CC(NC(=O)NC2=CC=CC=C2)=C1","GPXLRLUVLMHHIK-UHFFFAOYSA-N","ClC1=NC=CC(NC(=O)NC2=CC=CC=C2)=C1",26.87,,"tr"
"DTXSID2046759","22316-47-8","Clobazam","CN1C2=CC=C(Cl)C=C2N(C2=CC=CC=C2)C(=O)CC1=O","CXOXHMZGEKVPMT-UHFFFAOYSA-N","CN1C2=CC=C(Cl)C=C2N(C2=CC=CC=C2)C(=O)CC1=O",27.0,,"tr"
"DTXSID9020247","63-25-2","Carbaryl","CNC(=O)OC1=C2C=CC=CC2=CC=C1","CVXBEEMKQHEXEN-UHFFFAOYSA-N","CNC(=O)OC1=C2C=CC=CC2=CC=C1",27.27,14.97,"tr"
"DTXSID8021808","95-48-7","o-Cresol","CC1=C(O)C=CC=C1","QWVGKYWNOKOFNN-UHFFFAOYSA-N","CC1=C(O)C=CC=C1",27.48,,"tr"
"DTXSID5046433","115256-11-6","Dofetilide","CN(CCOC1=CC=C(NS(C)(=O)=O)C=C1)CCC1=CC=C(NS(C)(=O)=O)C=C1","IXTMWRCNAAVVAI-UHFFFAOYSA-N","CN(CCOC1=CC=C(NS(C)(=O)=O)C=C1)CCC1=CC=C(NS(C)(=O)=O)C=C1",28.0,,"tr"
"DTXSID3034456","87818-31-3","Cinmethylin","CC(C)[C@]12CC[C@](C)(O1)[C@@H](C2)OCC1=C(C)C=CC=C1","QMTNOLKHSWIQBE-FGTMMUONSA-N","CC(C)C12CCC(C)(O1)C(C2)OCC1=C(C)C=CC=C1",28.17,,"tr"
"DTXSID2032552","142459-58-3","Flufenacet","CC(C)N(C(=O)COC1=NN=C(S1)C(F)(F)F)C1=CC=C(F)C=C1","IANUJLZYFUDJIH-UHFFFAOYSA-N","CC(C)N(C(=O)COC1=NN=C(S1)C(F)(F)F)C1=CC=C(F)C=C1",29.0,40.92,"tr"
"DTXSID0024266","29232-93-7","Pirimiphos-methyl","CCN(CC)C1=NC(OP(=S)(OC)OC)=CC(C)=N1","QHOQHJPRIBSPCY-UHFFFAOYSA-N","CCN(CC)C1=NC(OP(=S)(OC)OC)=CC(C)=N1",29.78,,"tr"
"DTXSID7032004","13311-84-7","Flutamide","CC(C)C(=O)NC1=CC(=C(C=C1)[N+]([O-])=O)C(F)(F)F","MKXKFYHWDHIYRV-UHFFFAOYSA-N","CC(C)C(=O)NC1=CC(=C(C=C1)[N+]([O-])=O)C(F)(F)F",30.38,,"tr"
"DTXSID3032337","33629-47-9","Butralin","CCC(C)NC1=C(C=C(C=C1[N+]([O-])=O)C(C)(C)C)[N+]([O-])=O","SPNQRCTZKIBOAX-UHFFFAOYSA-N","CCC(C)NC1=C(C=C(C=C1[N+]([O-])=O)C(C)(C)C)[N+]([O-])=O",31.35,,"tr"
"DTXSID1023869","834-12-8","Ametryn","CCNC1=NC(SC)=NC(NC(C)C)=N1","RQVYBGPQFYCBGX-UHFFFAOYSA-N","CCNC1=NC(SC)=NC(NC(C)C)=N1",31.51,42.06,"tr"
"DTXSID0032520","131860-33-8","Azoxystrobin","CO\C=C(\C(=O)OC)C1=CC=CC=C1OC1=CC(OC2=CC=CC=C2C#N)=NC=N1","WFDXOXNFNRHQEC-GHRIWEEISA-N","COC=C(C(=O)OC)C1=CC=CC=C1OC1=CC(OC2=CC=CC=C2C#N)=NC=N1",32.39,,"tr"
"DTXSID3020122","86-50-0","Azinphos-methyl","COP(=S)(OC)SCN1N=NC2=C(C=CC=C2)C1=O","CJJOSEISRRTUQB-UHFFFAOYSA-N","COP(=S)(OC)SCN1N=NC2=C(C=CC=C2)C1=O",32.63,,"tr"
"DTXSID2024163","330-55-2","Linuron","CON(C)C(=O)NC1=CC=C(Cl)C(Cl)=C1","XKJMBINCVNINCA-UHFFFAOYSA-N","CON(C)C(=O)NC1=CC=C(Cl)C(Cl)=C1",33.05,,"tr"
"DTXSID3022370","57-83-0","Progesterone","[H][C@@]12CC[C@H](C(C)=O)[C@@]1(C)CC[C@@]1([H])[C@@]2([H])CCC2=CC(=O)CC[C@]12C","RJKFOVLPORLFTN-LEKSSAKUSA-N","CC(=O)C1CCC2C3CCC4=CC(=O)CCC4(C)C3CCC12C",33.7,,"tr"
"DTXSID6032356","1134-23-2","Cycloate","CCSC(=O)N(CC)C1CCCCC1","DFCAFRGABIXSDS-UHFFFAOYSA-N","CCSC(=O)N(CC)C1CCCCC1",34.48,,"tr"
"DTXSID5020528","606-20-2","2,6-Dinitrotoluene","CC1=C(C=CC=C1[N+]([O-])=O)[N+]([O-])=O","XTRDKALNCIHHNI-UHFFFAOYSA-N","CC1=C(C=CC=C1[N+]([O-])=O)[N+]([O-])=O",34.64,,"tr"
"DTXSID5032523","2634-33-5","1,2-Benzisothiazolin-3-one","O=C1NSC2=C1C=CC=C2","DMSMPAJRVJJAGA-UHFFFAOYSA-N","O=C1NSC2=C1C=CC=C2",34.74,,"tr"
"DTXSID8022747","72956-09-3","Carvedilol","COC1=C(OCCNCC(O)COC2=CC=CC3=C2C2=C(N3)C=CC=C2)C=CC=C1","OGHNVEJMJSYVRP-UHFFFAOYSA-N","COC1=C(OCCNCC(O)COC2=CC=CC3=C2C2=C(N3)C=CC=C2)C=CC=C1",35.0,,"tr"
"DTXSID3032549","126833-17-8","Fenhexamid","CC1(CCCCC1)C(=O)NC1=C(Cl)C(Cl)=C(O)C=C1","VDLGAVXLJYLFDH-UHFFFAOYSA-N","CC1(CCCCC1)C(=O)NC1=C(Cl)C(Cl)=C(O)C=C1",35.27,,"tr"
"DTXSID4022448","51218-45-2","Metolachlor","CCC1=C(N(C(C)COC)C(=O)CCl)C(C)=CC=C1","WVQBLGZPHOPPFO-UHFFFAOYSA-N","CCC1=C(N(C(C)COC)C(=O)CCl)C(C)=CC=C1",35.37,,"tr"
"DTXSID4022442","77-40-7","Bisphenol B","CCC(C)(C1=CC=C(O)C=C1)C1=CC=C(O)C=C1","HTVITOHKHWFJKO-UHFFFAOYSA-N","CCC(C)(C1=CC=C(O)C=C1)C1=CC=C(O)C=C1",35.66,,"tr"
"DTXSID0045127","13655-52-2","Alprenolol","CC(C)NCC(O)COC1=C(CC=C)C=CC=C1","PAZJSJFMUHDSTF-UHFFFAOYSA-N","CC(C)NCC(O)COC1=C(CC=C)C=CC=C1",36.0,,"tr"
"DTXSID0024216","1929-82-4","Nitrapyrin","ClC1=CC=CC(=N1)C(Cl)(Cl)Cl","DCUJJWWUNKIJPH-UHFFFAOYSA-N","ClC1=CC=CC(=N1)C(Cl)(Cl)Cl",36.84,,"tr"
"DTXSID1022687","25614-03-3","Bromocriptine","CC(C)C[C@@H]1N2C(=O)[C@](NC(=O)[C@H]3CN(C)[C@@H]4CC5=C(Br)NC6=CC=CC(=C56)C4=C3)(O[C@@]2(O)[C@@H]2CCCN2C1=O)C(C)C","OZVBMTJYIDMWIL-AYFBDAFISA-N","CC(C)CC1N2C(=O)C(NC(=O)C3CN(C)C4CC5=C(Br)NC6=CC=CC(=C56)C4=C3)(OC2(O)C2CCCN2C1=O)C(C)C",37.0,,"tr"
"DTXSID6032649","7696-12-0","Tetramethrin","CC(C)=CC1C(C(=O)OCN2C(=O)C3=C(CCCC3)C2=O)C1(C)C","CXBMCYHAMVGWJQ-UHFFFAOYSA-N","CC(C)=CC1C(C(=O)OCN2C(=O)C3=C(CCCC3)C2=O)C1(C)C",37.6,,"tr"
"DTXSID1032359","121552-61-2","Cyprodinil","CC1=NC(NC2=CC=CC=C2)=NC(=C1)C1CC1","HAORKNGNJCEJBX-UHFFFAOYSA-N","CC1=NC(NC2=CC=CC=C2)=NC(=C1)C1CC1",37.77,8.81,"tr"
"DTXSID4022527","94-13-3","Propylparaben","CCCOC(=O)C1=CC=C(O)C=C1","QELSKZZBTMNZEB-UHFFFAOYSA-N","CCCOC(=O)C1=CC=C(O)C=C1",38.0,,"tr"
"DTXSID0024000","1861-32-1","Chlorthal-dimethyl","COC(=O)C1=C(Cl)C(Cl)=C(C(=O)OC)C(Cl)=C1Cl","NPOJQCVWMSKXDN-UHFFFAOYSA-N","COC(=O)C1=C(Cl)C(Cl)=C(C(=O)OC)C(Cl)=C1Cl",38.62,,"tr"
"DTXSID8022111","709-98-8","Propanil","CCC(=O)NC1=CC=C(Cl)C(Cl)=C1","LFULEKSKNZEWOE-UHFFFAOYSA-N","CCC(=O)NC1=CC=C(Cl)C(Cl)=C1",38.9,,"tr"
"DTXSID3020209","94-26-8","Butylparaben","CCCCOC(=O)C1=CC=C(O)C=C1","QFOHBWFCKVYLES-UHFFFAOYSA-N","CCCCOC(=O)C1=CC=C(O)C=C1",39.3,,"tr"
"DTXSID5032525","149877-41-8","Bifenazate","COC1=C(NNC(=O)OC(C)C)C=C(C=C1)C1=CC=CC=C1","VHLKTXFWDRXILV-UHFFFAOYSA-N","COC1=C(NNC(=O)OC(C)C)C=C(C=C1)C1=CC=CC=C1",41.15,,"tr"
"DTXSID3020465","56-53-1","Diethylstilbestrol","CC\C(=C(\CC)C1=CC=C(O)C=C1)C1=CC=C(O)C=C1","RGLYKWWBQGJZGM-ISLYRVAYSA-N","CCC(=C(CC)C1=CC=C(O)C=C1)C1=CC=C(O)C=C1",41.28,,"tr"
"DTXSID1032488","117718-60-2","Thiazopyr","COC(=O)C1=C(CC(C)C)C(C2=NCCS2)=C(N=C1C(F)F)C(F)(F)F","YIJZJEYQBAAWRJ-UHFFFAOYSA-N","COC(=O)C1=C(CC(C)C)C(C2=NCCS2)=C(N=C1C(F)F)C(F)(F)F",41.5,,"tr"
"DTXSID7021780","84-66-2","Diethyl phthalate","CCOC(=O)C1=CC=CC=C1C(=O)OCC","FLKPEMZONWLCSK-UHFFFAOYSA-N","CCOC(=O)C1=CC=CC=C1C(=O)OCC",42.5,,"tr"
"DTXSID2021781","84-74-2","Dibutyl phthalate","CCCCOC(=O)C1=CC=CC=C1C(=O)OCCCC","DOIRQSBPFJWKBE-UHFFFAOYSA-N","CCCCOC(=O)C1=CC=CC=C1C(=O)OCCCC",42.5,,"tr"
"DTXSID7020764","101-21-3","Chlorpropham","CC(C)OC(=O)NC1=CC=CC(Cl)=C1","CWJSHJJYOPWUGX-UHFFFAOYSA-N","CC(C)OC(=O)NC1=CC=CC(Cl)=C1",43.83,24.78,"tr"
"DTXSID7023065","1622-62-4","Flunitrazepam","CN1C2=C(C=C(C=C2)[N+]([O-])=O)C(=NCC1=O)C1=CC=CC=C1F","PPTYJKAXVCCBDU-UHFFFAOYSA-N","CN1C2=C(C=C(C=C2)[N+]([O-])=O)C(=NCC1=O)C1=CC=CC=C1F",46.0,,"tr"
"DTXSID8022292","52645-53-1","Permethrin","CC1(C)C(C=C(Cl)Cl)C1C(=O)OCC1=CC(OC2=CC=CC=C2)=CC=C1","RLLPVAHGXHCWKJ-UHFFFAOYSA-N","CC1(C)C(C=C(Cl)Cl)C1C(=O)OCC1=CC(OC2=CC=CC=C2)=CC=C1",46.21,54.7,"tr"
"DTXSID3025122","1119-40-0","Dimethyl glutarate","COC(=O)CCCC(=O)OC","XTDYIOOONNVFMA-UHFFFAOYSA-N","COC(=O)CCCC(=O)OC",46.3,,"tr"
"DTXSID9027441","1843-05-6","Octabenzone","CCCCCCCCOC1=CC(O)=C(C=C1)C(=O)C1=CC=CC=C1","QUAMTGJKVDWJEQ-UHFFFAOYSA-N","CCCCCCCCOC1=CC(O)=C(C=C1)C(=O)C1=CC=CC=C1",51.14,,"tr"
"DTXSID9020407","333-41-5","Diazinon","CCOP(=S)(OCC)OC1=NC(=NC(C)=C1)C(C)C","FHIVAFMUCKRCQO-UHFFFAOYSA-N","CCOP(=S)(OCC)OC1=NC(=NC(C)=C1)C(C)C",52.31,,"tr"
"DTXSID7023936","2008-41-5","Butylate","CCSC(=O)N(CC(C)C)CC(C)C","BMTAFVWTTFSTOG-UHFFFAOYSA-N","CCSC(=O)N(CC(C)C)CC(C)C",52.51,,"tr"
"DTXSID2026864","111-11-5","Methyl octanoate","CCCCCCCC(=O)OC","JGHZJRVDZXSNKQ-UHFFFAOYSA-N","CCCCCCCC(=O)OC",54.14,,"tr"
"DTXSID2032392","66441-23-4","Fenoxaprop-ethyl","CCOC(=O)C(C)OC1=CC=C(OC2=NC3=C(O2)C=C(Cl)C=C3)C=C1","PQKBPHSEKWERTG-UHFFFAOYSA-N","CCOC(=O)C(C)OC1=CC=C(OC2=NC3=C(O2)C=C(Cl)C=C3)C=C1",54.93,,"tr"
"DTXSID7029879","65277-42-1","Ketoconazole","CC(=O)N1CCN(CC1)C1=CC=C(OC[C@H]2CO[C@@](CN3C=CN=C3)(O2)C2=CC=C(Cl)C=C2Cl)C=C1","XMAYWYJOQHXEEK-OZXSUGGESA-N","CC(=O)N1CCN(CC1)C1=CC=C(OCC2COC(CN3C=CN=C3)(O2)C2=CC=C(Cl)C=C2Cl)C=C1",55.0,,"tr"
"DTXSID5023900","17804-35-2","Benomyl","CCCCNC(=O)N1C(NC(=O)OC)=NC2=C1C=CC=C2","RIOXQFHNBCKOKP-UHFFFAOYSA-N","CCCCNC(=O)N1C(NC(=O)OC)=NC2=C1C=CC=C2",56.69,,"tr"
"DTXSID9022528","120-47-8","Ethylparaben","CCOC(=O)C1=CC=C(O)C=C1","NUVBSKCKDOMJSU-UHFFFAOYSA-N","CCOC(=O)C1=CC=C(O)C=C1",57.24,,"tr"
"DTXSID0022018","298-04-4","Disulfoton","CCOP(=S)(OCC)SCCSCC","DOFZAZXDOSGAJZ-UHFFFAOYSA-N","CCOP(=S)(OCC)SCCSCC",58.02,,"tr"
"DTXSID1022265","15972-60-8","Alachlor","CCC1=CC=CC(CC)=C1N(COC)C(=O)CCl","XCSGPAVHZFQHGE-UHFFFAOYSA-N","CCC1=CC=CC(CC)=C1N(COC)C(=O)CCl",62.9,41.66,"tr"
"DTXSID5032573","96489-71-3","Pyridaben","CC(C)(C)N1N=CC(SCC2=CC=C(C=C2)C(C)(C)C)=C(Cl)C1=O","DWFZBUWUXWZWKD-UHFFFAOYSA-N","CC(C)(C)N1N=CC(SCC2=CC=C(C=C2)C(C)(C)C)=C(Cl)C1=O",63.93,,"tr"
"DTXSID4021975","122-39-4","Diphenylamine","N(C1=CC=CC=C1)C1=CC=CC=C1","DMBHHRLKUKUOEG-UHFFFAOYSA-N","N(C1=CC=CC=C1)C1=CC=CC=C1",64.57,38.58,"tr"
"DTXSID7022413","97-54-1","Isoeugenol","COC1=CC(C=CC)=CC=C1O","BJIOGJUNALELMI-UHFFFAOYSA-N","COC1=CC(C=CC)=CC=C1O",71.78,,"tr"
"DTXSID1021166","51-03-6","Piperonyl butoxide","CCCCOCCOCCOCC1=CC2=C(OCO2)C=C1CCC","FIPWRIJSWJWJAI-UHFFFAOYSA-N","CCCCOCCOCCOCC1=CC2=C(OCO2)C=C1CCC",76.01,,"tr"
"DTXSID2023226","59729-31-6","Lorcainide","CC(C)N1CCC(CC1)N(C(=O)CC1=CC=CC=C1)C1=CC=C(Cl)C=C1","XHOJAWVAWFHGHL-UHFFFAOYSA-N","CC(C)N1CCC(CC1)N(C(=O)CC1=CC=CC=C1)C1=CC=C(Cl)C=C1",78.0,,"tr"
"DTXSID9022786","145599-86-6","Cerivastatin","COCC1=C(C2=CC=C(F)C=C2)C(\C=C\[C@@H](O)C[C@@H](O)CC(O)=O)=C(N=C1C(C)C)C(C)C","SEERZIQQUAZTOL-ANMDKAQQSA-N","COCC1=C(C2=CC=C(F)C=C2)C(C=CC(O)CC(O)CC(O)=O)=C(N=C1C(C)C)C(C)C",82.0,,"tr"
"DTXSID8023848","34256-82-1","Acetochlor","CCOCN(C(=O)CCl)C1=C(CC)C=CC=C1C","VTNQPKFIQCLBDU-UHFFFAOYSA-N","CCOCN(C(=O)CCl)C1=C(CC)C=CC=C1C",84.71,59.28,"tr"
"DTXSID8020620","55-38-9","Fenthion","COP(=S)(OC)OC1=CC(C)=C(SC)C=C1","PNVJTZOFSHSLTO-UHFFFAOYSA-N","COP(=S)(OC)OC1=CC(C)=C(SC)C=C1",87.2,,"tr"
"DTXSID7020714","50-23-7","Hydrocortisone","C[C@]12C[C@H](O)[C@H]3[C@@H](CCC4=CC(=O)CC[C@]34C)[C@@H]1CC[C@]2(O)C(=O)CO","JYGXADMDTFJGBT-VWUMJDOOSA-N","CC12CC(O)C3C(CCC4=CC(=O)CCC34C)C1CCC2(O)C(=O)CO",92.0,,"tr"
"DTXSID8045193","106266-06-2","Risperidone","CC1=C(CCN2CCC(CC2)C2=NOC3=C2C=CC(F)=C3)C(=O)N2CCCCC2=N1","RAPZEAPATHNIPO-UHFFFAOYSA-N","CC1=C(CCN2CCC(CC2)C2=NOC3=C2C=CC(F)=C3)C(=O)N2CCCCC2=N1",96.0,,"tr"
"DTXSID7022253","10453-86-8","Resmethrin","CC(C)=CC1C(C(=O)OCC2=COC(CC3=CC=CC=C3)=C2)C1(C)C","VEMKTZHHVJILDY-UHFFFAOYSA-N","CC(C)=CC1C(C(=O)OCC2=COC(CC3=CC=CC=C3)=C2)C1(C)C",98.96,96.48,"tr"
"DTXSID9020617","97-53-0","Eugenol","COC1=C(O)C=CC(CC=C)=C1","RRAFCDWBNXTKKO-UHFFFAOYSA-N","COC1=C(O)C=CC(CC=C)=C1",103.62,,"tr"
"DTXSID6023523","2078-54-8","Propofol","CC(C)C1=CC=CC(C(C)C)=C1O","OLBCVFGFOZPWHH-UHFFFAOYSA-N","CC(C)C1=CC=CC(C(C)C)=C1O",107.0,,"tr"
"DTXSID4022529","99-76-3","Methylparaben","COC(=O)C1=CC=C(O)C=C1","LXCFILQKKLGQFO-UHFFFAOYSA-N","COC(=O)C1=CC=C(O)C=C1",107.5,,"tr"
"DTXSID5032498","3380-34-5","Triclosan","OC1=C(OC2=CC=C(Cl)C=C2Cl)C=CC(Cl)=C1","XEFQLINVKFYRCS-UHFFFAOYSA-N","OC1=C(OC2=CC=C(Cl)C=C2Cl)C=CC(Cl)=C1",118.83,34.66,"tr"
"DTXSID1024174","78-48-8","Tribufos","CCCCSP(=O)(SCCCC)SCCCC","ZOKXUAHZSKEQSS-UHFFFAOYSA-N","CCCCSP(=O)(SCCCC)SCCCC",125.09,,"tr"
"DTXSID3032547","2593-15-9","Etridiazole","CCOC1=NC(=NS1)C(Cl)(Cl)Cl","KQTVWCSONPJJPE-UHFFFAOYSA-N","CCOC1=NC(=NS1)C(Cl)(Cl)Cl",126.99,,"tr"
"DTXSID8022325","2971-36-0","2,2-Bis(4-hydroxyphenyl)-1,1,1-trichloroethane","OC1=CC=C(C=C1)C(C1=CC=C(O)C=C1)C(Cl)(Cl)Cl","IUGDILGOLSSKNE-UHFFFAOYSA-N","OC1=CC=C(C=C1)C(C1=CC=C(O)C=C1)C(Cl)(Cl)Cl",136.5,,"tr"
"DTXSID9020827","72-43-5","Methoxychlor","COC1=CC=C(C=C1)C(C1=CC=C(OC)C=C1)C(Cl)(Cl)Cl","IAKOZHOLGAGEJT-UHFFFAOYSA-N","COC1=CC=C(C=C1)C(C1=CC=C(OC)C=C1)C(Cl)(Cl)Cl",170.4,,"tr"
"DTXSID3047558","2144-53-8","6:2 Fluorotelomer methacrylate","CC(=C)C(=O)OCCC(F)(F)C(F)(F)C(F)(F)C(F)(F)C(F)(F)C(F)(F)F","CDXFIRXEAJABAZ-UHFFFAOYSA-N","CC(=C)C(=O)OCCC(F)(F)C(F)(F)C(F)(F)C(F)(F)C(F)(F)C(F)(F)F",196.94,,"tr"
"DTXSID9032329","741-58-2","Bensulide","CC(C)OP(=S)(OC(C)C)SCCNS(=O)(=O)C1=CC=CC=C1","RRNIZKPFKNDSRS-UHFFFAOYSA-N","CC(C)OP(=S)(OC(C)C)SCCNS(=O)(=O)C1=CC=CC=C1",250.3,37.52,"tr"
"DTXSID4034287","104-67-6","5-Heptyldihydro-2(3H)-furanone","CCCCCCCC1CCC(=O)O1","PHXATPHONSXBIL-UHFFFAOYSA-N","CCCCCCCC1CCC(=O)O1",296.0,,"tr"
"DTXSID5025152","106-65-0","Dimethyl succinate","COC(=O)CCC(=O)OC","MUXOBHXGJLMRAB-UHFFFAOYSA-N","COC(=O)CCC(=O)OC",364.4,,"tr"
"DTXSID5026889","111-82-0","Methyl dodecanoate","CCCCCCCCCCCC(=O)OC","UQDUPQYQJKYHQI-UHFFFAOYSA-N","CCCCCCCCCCCC(=O)OC",445.2,,"tr"
"DTXSID2046624","75530-68-6","Nilvadipine","COC(=O)C1=C(NC(C)=C(C1C1=CC=CC(=C1)[N+]([O-])=O)C(=O)OC(C)C)C#N","FAIIFDPAEUKBEP-UHFFFAOYSA-N","COC(=O)C1=C(N=C(C)C(C1C1=CC=CC(=C1)[N+]([O-])=O)C(=O)OC(C)C)C#N",2160.0,,"tr"
"DTXSID8023846","30560-19-1","Acephate","COP(=O)(NC(C)=O)SC","YASYVMFAVPKPKE-UHFFFAOYSA-N","COP(=O)(NC(C)=O)SC",0.0,,"tst"
"DTXSID2032344","54593-83-8","Chlorethoxyfos","CCOP(=S)(OCC)OC(Cl)C(Cl)(Cl)Cl","XFDJMIHUAHSGKG-UHFFFAOYSA-N","CCOP(=S)(OCC)OC(Cl)C(Cl)(Cl)Cl",0.0,,"tst"
"DTXSID7032553","62924-70-3","Flumetralin","CCN(CC1=C(Cl)C=CC=C1F)C1=C(C=C(C=C1[N+]([O-])=O)C(F)(F)F)[N+]([O-])=O","PWNAWOCHVWERAR-UHFFFAOYSA-N","CCN(CC1=C(Cl)C=CC=C1F)C1=C(C=C(C=C1[N+]([O-])=O)C(F)(F)F)[N+]([O-])=O",0.0,,"tst"
"DTXSID3034664","114311-32-9","Imazamox","COCC1=CN=C(C2=NC(C)(C(C)C)C(=O)N2)C(=C1)C(O)=O","NUPJIGQFXCQJBK-UHFFFAOYSA-N","COCC1=CN=C(C2=NC(C)(C(C)C)C(=O)N2)C(=C1)C(O)=O",0.0,,"tst"
"DTXSID7024241","42874-03-3","Oxyfluorfen","CCOC1=CC(OC2=CC=C(C=C2Cl)C(F)(F)F)=CC=C1[N+]([O-])=O","OQMBBFQZGJFLBU-UHFFFAOYSA-N","CCOC1=CC(OC2=CC=C(C=C2Cl)C(F)(F)F)=CC=C1[N+]([O-])=O",0.0,,"tst"
"DTXSID6032641","84087-01-4","Quinclorac","OC(=O)C1=C(Cl)C=CC2=CC(Cl)=CN=C12","FFSSWMQPCJRCRV-UHFFFAOYSA-N","OC(=O)C1=C(Cl)C=CC2=CC(Cl)=CN=C12",0.0,,"tst"
"DTXSID8034956","112281-77-3","Tetraconazole","FC(F)C(F)(F)OCC(CN1C=NC=N1)C1=C(Cl)C=C(Cl)C=C1","LQDARGUHUSPFNL-UHFFFAOYSA-N","FC(F)C(F)(F)OCC(CN1C=NC=N1)C1=C(Cl)C=C(Cl)C=C1",0.0,0.05,"tst"
"DTXSID8040222","199119-58-9","Trifloxysulfuron-sodium","[Na+].COC1=CC(OC)=NC(NC(=O)[N-]S(=O)(=O)C2=NC=CC=C2OCC(F)(F)F)=N1","UFEIWEXHHOXPGP-UHFFFAOYSA-M","COC1=CC(OC)=NC(NC(=O)NS(=O)(=O)C2=NC=CC=C2OCC(F)(F)F)=N1",0.0,,"tst"
"DTXSID1021956","117-84-0","Di-n-octyl phthalate","CCCCCCCCOC(=O)C1=C(C=CC=C1)C(=O)OCCCCCCCC","MQIUGAXCHLFZKX-UHFFFAOYSA-N","CCCCCCCCOC(=O)C1=C(C=CC=C1)C(=O)OCCCCCCCC",0.0,,"tst"
"DTXSID6027052","128-39-2","2,6-Di-tert-butylphenol","CC(C)(C)C1=CC=CC(=C1O)C(C)(C)C","DKCPKDPYUFEZCP-UHFFFAOYSA-N","CC(C)(C)C1=CC=CC(=C1O)C(C)(C)C",0.0,,"tst"
"DTXSID9020249","1563-66-2","Carbofuran","CNC(=O)OC1=CC=CC2=C1OC(C)(C)C2","DUEPRVBVGDRKAG-UHFFFAOYSA-N","CNC(=O)OC1=CC=CC2=C1OC(C)(C)C2",0.0,,"tst"
"DTXSID7020895","2385-85-5","Mirex","ClC12C3(Cl)C4(Cl)C5(Cl)C(Cl)(C1(Cl)C4(Cl)Cl)C2(Cl)C(Cl)(Cl)C35Cl","GVYLCNUFSHDAAW-UHFFFAOYSA-N","ClC12C3(Cl)C4(Cl)C5(Cl)C(Cl)(C1(Cl)C4(Cl)Cl)C2(Cl)C(Cl)(Cl)C35Cl",0.0,,"tst"
"DTXSID4022731","298-46-4","Carbamazepine","NC(=O)N1C2=CC=CC=C2C=CC2=C1C=CC=C2","FFGPTBGBLSHEPO-UHFFFAOYSA-N","NC(=O)N1C2=CC=CC=C2C=CC2=C1C=CC=C2",0.0,,"tst"
"DTXSID3031860","335-76-2","Perfluorodecanoic acid","OC(=O)C(F)(F)C(F)(F)C(F)(F)C(F)(F)C(F)(F)C(F)(F)C(F)(F)C(F)(F)C(F)(F)F","PCIUEQPBYFRTEM-UHFFFAOYSA-N","OC(=O)C(F)(F)C(F)(F)C(F)(F)C(F)(F)C(F)(F)C(F)(F)C(F)(F)C(F)(F)C(F)(F)F",0.0,,"tst"
"DTXSID8037708","3825-26-1","Ammonium perfluorooctanoate","[NH4+].[O-]C(=O)C(F)(F)C(F)(F)C(F)(F)C(F)(F)C(F)(F)C(F)(F)C(F)(F)F","YOALFLHFSFEMLP-UHFFFAOYSA-N","OC(=O)C(F)(F)C(F)(F)C(F)(F)C(F)(F)C(F)(F)C(F)(F)C(F)(F)F",0.0,,"tst"
"DTXSID1022053","534-52-1","2-Methyl-4,6-dinitrophenol","CC1=C(O)C(=CC(=C1)[N+]([O-])=O)[N+]([O-])=O","ZXVONLUNISGICL-UHFFFAOYSA-N","CC1=C(O)C(=CC(=C1)[N+]([O-])=O)[N+]([O-])=O",0.0,,"tst"
"DTXSID5023742","81-81-2","Warfarin","CC(=O)CC(C1=CC=CC=C1)C1=C(O)C2=CC=CC=C2OC1=O","PJVWKTKQMONHTI-UHFFFAOYSA-N","CC(=O)CC(C1C(=O)Oc2ccccc2C1=O)c1ccccc1",0.0,,"tst"
"DTXSID6020648","54-31-9","Furosemide","NS(=O)(=O)C1=C(Cl)C=C(NCC2=CC=CO2)C(=C1)C(O)=O","ZZUFCTLCJUWOSV-UHFFFAOYSA-N","NS(=O)(=O)C1=C(Cl)C=C(NCC2=CC=CO2)C(=C1)C(O)=O",0.0,,"tst"
"DTXSID5022934","20830-75-5","Digoxin","C[C@H]1O[C@H](C[C@H](O)[C@@H]1O)O[C@H]1[C@@H](O)C[C@H](O[C@H]2[C@@H](O)C[C@H](O[C@H]3CC[C@@]4(C)[C@H](CC[C@@H]5[C@@H]4C[C@@H](O)[C@]4(C)[C@H](CC[C@]54O)C4=CC(=O)OC4)C3)O[C@@H]2C)O[C@@H]1C","LTMHDMANZUZIPE-PUGKRICDSA-N","CC1OC(CC(O)C1O)OC1C(O)CC(OC2C(O)CC(OC3CCC4(C)C(CCC5C4CC(O)C4(C)C(CCC54O)C4=CC(=O)OC4)C3)OC2C)OC1C",0.0,,"tst"
"DTXSID2022628","29122-68-7","Atenolol","CC(C)NCC(O)COC1=CC=C(CC(N)=O)C=C1","METKIMKYRPQLGS-UHFFFAOYSA-N","CC(C)NCC(O)COC1=CC=C(CC(N)=O)C=C1",3.60480640854473E-7,,"tst"
"DTXSID4022787","83881-51-0","Cetirizine","OC(=O)COCCN1CCN(CC1)C(C1=CC=CC=C1)C1=CC=C(Cl)C=C1","ZKLPARSLTMPFCP-UHFFFAOYSA-N","OC(=O)COCCN1CCN(CC1)C(C1=CC=CC=C1)C1=CC=C(Cl)C=C1",3.60480640854473E-7,,"tst"
"DTXSID3040302","33979-03-2","2,2',4,4',6,6'-Hexachlorobiphenyl","ClC1=CC(Cl)=C(C(Cl)=C1)C1=C(Cl)C=C(Cl)C=C1Cl","ICOAEPDGFWLUTI-UHFFFAOYSA-N","ClC1=CC(Cl)=C(C(Cl)=C1)C1=C(Cl)C=C(Cl)C=C1Cl",9.24E-6,,"tst"
"DTXSID4058657","33284-52-5","3,3',5,5'-Tetrachlorobiphenyl","ClC1=CC(=CC(Cl)=C1)C1=CC(Cl)=CC(Cl)=C1","UTMWFJSRHLYRPY-UHFFFAOYSA-N","ClC1=CC(=CC(Cl)=C1)C1=CC(Cl)=CC(Cl)=C1",3.33E-5,,"tst"
"DTXSID9045184","54063-53-5","Propafenone","CCCNCC(O)COC1=C(C=CC=C1)C(=O)CCC1=CC=CC=C1","JWHAUXFOSRPERK-UHFFFAOYSA-N","CCCNCC(O)COC1=C(C=CC=C1)C(=O)CCC1=CC=CC=C1",2.07360480640854E-4,,"tst"
"DTXSID6021117","60-80-0","Phenazone","CN1N(C(=O)C=C1C)C1=CC=CC=C1","VEQOALNAAJBPNY-UHFFFAOYSA-N","CN1N(C(=O)C=C1C)C1=CC=CC=C1",0.03,,"tst"
"DTXSID7032424","104206-82-8","Mesotrione","CS(=O)(=O)C1=CC(=C(C=C1)C(=O)C1C(=O)CCCC1=O)[N+]([O-])=O","KPUREKXXPHOJQT-UHFFFAOYSA-N","CS(=O)(=O)C1=CC(=C(C=C1)C(=O)C1C(=O)CCCC1=O)[N+]([O-])=O",0.35,,"tst"
"DTXSID5021336","58-55-9","Theophylline","CN1C2=C(NC=N2)C(=O)N(C)C1=O","ZFXYFBGIUFBOJW-UHFFFAOYSA-N","CN1C2=C(NC=N2)C(=O)N(C)C1=O",0.52,,"tst"
"DTXSID4023674","26839-75-8","(S)-Timolol","CC(C)(C)NC[C@H](O)COC1=NSN=C1N1CCOCC1","BLJRIMJGRPQVNF-JTQLQIEISA-N","CC(C)(C)NCC(O)COC1=NSN=C1N1CCOCC1",0.69,,"tst"
"DTXSID7023512","51-06-9","Procainamide","CCN(CC)CCNC(=O)C1=CC=C(N)C=C1","REQCZEXYDRLIBE-UHFFFAOYSA-N","CCN(CC)CCNC(=O)C1=CC=C(N)C=C1",0.723,,"tst"
"DTXSID3023396","83-98-7","Orphenadrine","CN(C)CCOC(C1=CC=CC=C1)C1=C(C)C=CC=C1","QVYRGXJJSLMXQH-UHFFFAOYSA-N","CN(C)CCOC(C1=CC=CC=C1)C1=C(C)C=CC=C1",0.723,,"tst"
"DTXSID6022923","15307-86-5","Diclofenac","OC(=O)CC1=C(NC2=C(Cl)C=CC=C2Cl)C=CC=C1","DCOPUUMXTXDBNB-UHFFFAOYSA-N","OC(=O)CC1=C(NC2=C(Cl)C=CC=C2Cl)C=CC=C1",0.77,,"tst"
"DTXSID8045191","66357-35-5","Ranitidine","CNC(NCCSCC1=CC=C(CN(C)C)O1)=C[N+]([O-])=O","VMXUWOKSQNHOCA-UHFFFAOYSA-N","C\N=C(/C[N+]([O-])=O)NCCSCC1=CC=C(CN(C)C)O1",1.0,,"tst"
"DTXSID3020912","389-08-2","Nalidixic acid","CCN1C=C(C(O)=O)C(=O)C2=C1N=C(C)C=C2","MHWLWQUZZRMNGJ-UHFFFAOYSA-N","CCN1C=C(C(O)=O)C(=O)C2=C1N=C(C)C=C2",1.1,,"tst"
"DTXSID7024160","77501-63-4","Lactofen","CCOC(=O)C(C)OC(=O)C1=C(C=CC(OC2=C(Cl)C=C(C=C2)C(F)(F)F)=C1)[N+]([O-])=O","CONWAEURSVPLRM-UHFFFAOYSA-N","CCOC(=O)C(C)OC(=O)C1=C(C=CC(OC2=C(Cl)C=C(C=C2)C(F)(F)F)=C1)[N+]([O-])=O",1.28,,"tst"
"DTXSID4034609","120068-37-3","Fipronil","NC1=C(C(=NN1C1=C(Cl)C=C(C=C1Cl)C(F)(F)F)C#N)S(=O)C(F)(F)F","ZOCSXAVNDGMNBV-UHFFFAOYSA-N","NC1=C(C(=NN1C1=C(Cl)C=C(C=C1Cl)C(F)(F)F)C#N)S(=O)C(F)(F)F",1.37,,"tst"
"DTXSID0032601","94361-06-5","Cyproconazole","CC(C1CC1)C(O)(CN1C=NC=N1)C1=CC=C(Cl)C=C1","UFNOUKDBUJZYDE-UHFFFAOYSA-N","CC(C1CC1)C(O)(CN1C=NC=N1)C1=CC=C(Cl)C=C1",1.54,2.31,"tst"
"DTXSID8031865","335-67-1","Perfluorooctanoic acid","OC(=O)C(F)(F)C(F)(F)C(F)(F)C(F)(F)C(F)(F)C(F)(F)C(F)(F)F","SNGREZUHAYWORS-UHFFFAOYSA-N","OC(=O)C(F)(F)C(F)(F)C(F)(F)C(F)(F)C(F)(F)C(F)(F)C(F)(F)F",1.64,0.0,"tst"
"DTXSID0020022","50594-66-6","Acifluorfen","OC(=O)C1=C(C=CC(OC2=CC=C(C=C2Cl)C(F)(F)F)=C1)[N+]([O-])=O","NUFNQYOELLVIPL-UHFFFAOYSA-N","OC(=O)C1=C(C=CC(OC2=CC=C(C=C2Cl)C(F)(F)F)=C1)[N+]([O-])=O",1.77,0.0,"tst"
"DTXSID3020627","86386-73-4","Fluconazole","OC(CN1C=NC=N1)(CN1C=NC=N1)C1=C(F)C=C(F)C=C1","RFHAOTPXVQNOHP-UHFFFAOYSA-N","OC(CN1C=NC=N1)(CN1C=NC=N1)C1=C(F)C=C(F)C=C1",1.8322,,"tst"
"DTXSID1021087","604-75-1","Oxazepam","OC1N=C(C2=CC=CC=C2)C2=CC(Cl)=CC=C2NC1=O","ADIMAYPTOBDMTL-UHFFFAOYSA-N","OC1N=C(C2=CC=CC=C2)C2=CC(Cl)=CC=C2NC1=O",2.0,,"tst"
"DTXSID2021151","90-43-7","2-Phenylphenol","OC1=C(C=CC=C1)C1=CC=CC=C1","LLEMOWNGBBNAJR-UHFFFAOYSA-N","OC1=C(C=CC=C1)C1=CC=CC=C1",2.08,,"tst"
"DTXSID8024317","5902-51-2","Terbacil","CC1=C(Cl)C(=O)N(C(=O)N1)C(C)(C)C","NBQCNZYJJMBDKY-UHFFFAOYSA-N","CC1=NC(=O)N(C(=O)C1Cl)C(C)(C)C",2.27,,"tst"
"DTXSID8020541","57-41-0","5,5-Diphenylhydantoin","O=C1NC(=O)C(N1)(C1=CC=CC=C1)C1=CC=CC=C1","CXOFVDLJLONNDW-UHFFFAOYSA-N","O=C1NC(=O)C(N1)(C1=CC=CC=C1)C1=CC=CC=C1",2.33,,"tst"
"DTXSID1045166","137-58-6","Lidocaine","CCN(CC)CC(=O)NC1=C(C)C=CC=C1C","NNJVILVZKWQKPM-UHFFFAOYSA-N","CCN(CC)CC(=O)NC1=C(C)C=CC=C1C",2.43,,"tst"
"DTXSID1040742","124-94-7","Triamcinolone","C[C@]12C[C@H](O)[C@@]3(F)[C@@H](CCC4=CC(=O)C=C[C@]34C)[C@@H]1C[C@@H](O)[C@]2(O)C(=O)CO","GFNANZIMVAIWHM-OBYCQNJPSA-N","CC12CC(O)C3(F)C(CCC4=CC(=O)C=CC34C)C1CC(O)C2(O)C(=O)CO",2.492,,"tst"
"DTXSID7034961","111988-49-9","Thiacloprid","ClC1=CC=C(CN2CCS\C2=N/C#N)C=N1","HOKKPVIRMVDYPB-UVTDQMKNSA-N","ClC1=CC=C(CN2CCSC2=NC#N)C=N1",2.57,,"tst"
"DTXSID8045486","59804-37-4","Tenoxicam","CN1C(C(=O)NC2=CC=CC=N2)=C(O)C2=C(C=CS2)S1(=O)=O","LZNWYQJJBLGYLT-UHFFFAOYSA-N","CN1C(C(=O)NC2=NC=CC=C2)C(=O)C2=C(C=CS2)S1(=O)=O",2.6,,"tst"
"DTXSID8023476","13523-86-9","Pindolol","CC(C)NCC(O)COC1=C2C=CNC2=CC=C1","JZQKKSLKJUAGIC-UHFFFAOYSA-N","CC(C)NCC(O)COC1=C2C=CNC2=CC=C1",2.8,,"tst"
"DTXSID8025595","110-26-9","N,N'-Methylenebisacrylamide","C=CC(=O)NCNC(=O)C=C","ZIUHHBKFKCYYJD-UHFFFAOYSA-N","C=CC(=O)NCNC(=O)C=C",2.954,,"tst"
"DTXSID4034364","144651-06-9","Oxasulfuron","CC1=CC(C)=NC(NC(=O)NS(=O)(=O)C2=C(C=CC=C2)C(=O)OC2COC2)=N1","IOXAXYHXMLCCJJ-UHFFFAOYSA-N","CC1=CC(C)=NC(NC(=O)NS(=O)(=O)C2=C(C=CC=C2)C(=O)OC2COC2)=N1",3.11,,"tst"
"DTXSID0024002","39515-41-8","Fenpropathrin","CC1(C)C(C(=O)OC(C#N)C2=CC=CC(OC3=CC=CC=C3)=C2)C1(C)C","XQUXKZZNEFRCAW-UHFFFAOYSA-N","CC1(C)C(C(=O)OC(C#N)C2=CC=CC(OC3=CC=CC=C3)=C2)C1(C)C",3.17,,"tst"
"DTXSID7034252","149979-41-9","Tepraloxydim","CCC(=NOC\C=C\Cl)C1=C(O)CC(CC1=O)C1CCOCC1","IOYNQIMAUDJVEI-ZFNPBRLTSA-N","CCC(=NOCC=CCl)C1C(=O)CC(CC1=O)C1CCOCC1",3.35,,"tst"
"DTXSID7020479","60-51-5","Dimethoate","CNC(=O)CSP(=S)(OC)OC","MCWXGJITAZMZEV-UHFFFAOYSA-N","CNC(=O)CSP(=S)(OC)OC",3.68,,"tst"
"DTXSID5020819","950-37-8","Methidathion","COC1=NN(CSP(=S)(OC)OC)C(=O)S1","MEBQXILRKZHVCX-UHFFFAOYSA-N","COC1=NN(CSP(=S)(OC)OC)C(=O)S1",3.92,,"tst"
"DTXSID7020504","58-15-1","4-Dimethylaminoantipyrine","CN(C)C1=C(C)N(C)N(C1=O)C1=CC=CC=C1","RMMXTBMQSGEXHJ-UHFFFAOYSA-N","CN(C)C1=C(C)N(C)N(C1=O)C1=CC=CC=C1",4.1,,"tst"
"DTXSID9020453","60-57-1","Dieldrin","ClC1=C(Cl)[C@]2(Cl)[C@@H]3[C@@H]4C[C@@H]([C@H]5O[C@@H]45)[C@@H]3[C@@]1(Cl)C2(Cl)Cl","DFBKLUNHFCTMDC-PICURKEMSA-N","ClC1=C(Cl)C2(Cl)C3C4CC(C5OC45)C3C1(Cl)C2(Cl)Cl",4.262,,"tst"
"DTXSID9041152","52-53-9","Verapamil","COC1=CC=C(CCN(C)CCCC(C#N)(C(C)C)C2=CC=C(OC)C(OC)=C2)C=C1OC","SGTNSNPWRIOYBX-UHFFFAOYSA-N","COC1=CC=C(CCN(C)CCCC(C#N)(C(C)C)C2=CC=C(OC)C(OC)=C2)C=C1OC",4.65,,"tst"
"DTXSID0032651","51707-55-2","Thidiazuron","O=C(NC1=CN=NS1)NC1=CC=CC=C1","HFCYZXMHUIHAQI-UHFFFAOYSA-N","O=C(NC1=CN=NS1)NC1=CC=CC=C1",4.92,2.14,"tst"
"DTXSID1045536","3737-09-5","Disopyramide","CC(C)N(CCC(C(N)=O)(C1=CC=CC=C1)C1=CC=CC=N1)C(C)C","UVTNFZQICZKOEM-UHFFFAOYSA-N","CC(C)N(CCC(C(N)=O)(C1=CC=CC=C1)C1=CC=CC=N1)C(C)C",5.0,,"tst"
"DTXSID4034150","52-86-8","Haloperidol","OC1(CCN(CCCC(=O)C2=CC=C(F)C=C2)CC1)C1=CC=C(Cl)C=C1","LNEPOXFFQSENCJ-UHFFFAOYSA-N","OC1(CCN(CCCC(=O)C2=CC=C(F)C=C2)CC1)C1=CC=C(Cl)C=C1",5.222,,"tst"
"DTXSID9023881","74115-24-5","Clofentezine","ClC1=CC=CC=C1C1=NN=C(N=N1)C1=C(Cl)C=CC=C1","UXADOQPNKNTIHB-UHFFFAOYSA-N","ClC1=CC=CC=C1C1=NN=C(N=N1)C1=C(Cl)C=CC=C1",5.43,,"tst"
"DTXSID0023907","205-99-2","Benzo(b)fluoranthene","C1=CC=C2C(=C1)C1=CC=CC3=C4C=CC=CC4=CC2=C13","FTOVXSOBNPWTSH-UHFFFAOYSA-N","C1=CC=C2C(=C1)C1=CC=CC3=C4C=CC=CC4=CC2=C13",5.564,,"tst"
"DTXSID6034849","25606-41-1","Propamocarb hydrochloride","Cl.CCCOC(=O)NCCCN(C)C","MKIMSXGUTQTKJU-UHFFFAOYSA-N","CCCOC(=O)NCCCN(C)C",5.81,0.0,"tst"
"DTXSID3024289","129-00-0","Pyrene","C1=CC2=C3C(C=CC4=CC=CC(C=C2)=C34)=C1","BBEAQIROQSPTKN-UHFFFAOYSA-N","C1=CC2=C3C(C=CC4=CC=CC(C=C2)=C34)=C1",6.18,,"tst"
"DTXSID4021268","122-34-9","Simazine","CCNC1=NC(NCC)=NC(Cl)=N1","ODCWYMIRDDJXKW-UHFFFAOYSA-N","CCNC1=NC(NCC)=NC(Cl)=N1",6.33,4.83,"tst"
"DTXSID9020160","82657-04-3","Bifenthrin","CC1=C(C=CC=C1COC(=O)[C@@H]1[C@H](\C=C(/Cl)C(F)(F)F)C1(C)C)C1=CC=CC=C1","OMFRMAHOUUJSGP-IRHGGOMRSA-N","Cc1c(COC(=O)C2C(C=C(Cl)C(F)(F)F)C2(C)C)cccc1-c1ccccc1",6.74,,"tst"
"DTXSID8026193","87-61-6","1,2,3-Trichlorobenzene","ClC1=CC=CC(Cl)=C1Cl","RELMFMZEBKVZJC-UHFFFAOYSA-N","ClC1=CC=CC(Cl)=C1Cl",6.984,,"tst"
"DTXSID5032365","1194-65-6","Dichlobenil","ClC1=CC=CC(Cl)=C1C#N","YOYAIZYFCNQIRF-UHFFFAOYSA-N","ClC1=CC=CC(Cl)=C1C#N",7.04,9.82,"tst"
"DTXSID1034210","29091-21-2","Prodiamine","CCCN(CCC)C1=C(C(N)=C(C=C1[N+]([O-])=O)C(F)(F)F)[N+]([O-])=O","RSVPPPHXAASNOL-UHFFFAOYSA-N","CCCN(CCC)C1=C(C(N)=C(C=C1[N+]([O-])=O)C(F)(F)F)[N+]([O-])=O",7.22,,"tst"
"DTXSID4020290","50892-23-4","Pirinixic acid","CC1=C(C)C(NC2=NC(SCC(O)=O)=NC(Cl)=C2)=CC=C1","SZRPDCCEHVWOJX-UHFFFAOYSA-N","CC1=C(C)C(NC2=NC(SCC(O)=O)=NC(Cl)=C2)=CC=C1",7.51,,"tst"
"DTXSID2025715","21829-25-4","Nifedipine","COC(=O)C1=C(C)NC(C)=C(C1C1=CC=CC=C1[N+]([O-])=O)C(=O)OC","HYIMSNHJOBLJNT-UHFFFAOYSA-N","COC(=O)C1C(C2=C(C=CC=C2)[N+]([O-])=O)C(C(=O)OC)=C(C)N=C1C",7.7,,"tst"
"DTXSID3024104","206-44-0","Fluoranthene","C1=CC2=C(C=C1)C1=C3C2=CC=CC3=CC=C1","GVEPBJHOBDJJJI-UHFFFAOYSA-N","C1=CC2=C(C=C1)C1=C3C2=CC=CC3=CC=C1",8.064,,"tst"
"DTXSID6021030","86-30-6","N-Nitrosodiphenylamine","O=NN(C1=CC=CC=C1)C1=CC=CC=C1","UBUCNCOMADRQHX-UHFFFAOYSA-N","O=NN(C1=CC=CC=C1)C1=CC=CC=C1",8.288,,"tst"
"DTXSID1034187","10540-29-1","Tamoxifen","CC\C(=C(/C1=CC=CC=C1)C1=CC=C(OCCN(C)C)C=C1)C1=CC=CC=C1","NKANXQFJJICGDU-QPLCGJKRSA-N","CCC(=C(C1=CC=CC=C1)C1=CC=C(OCCN(C)C)C=C1)C1=CC=CC=C1",8.52,,"tst"
"DTXSID8026307","87-62-7","2,6-Dimethylaniline","CC1=CC=CC(C)=C1N","UFFBMTHBGFGIHF-UHFFFAOYSA-N","CC1=CC=CC(C)=C1N",8.96,,"tst"
"DTXSID0021961","119-61-9","Benzophenone","O=C(C1=CC=CC=C1)C1=CC=CC=C1","RWCCWEUUXYIKHB-UHFFFAOYSA-N","O=C(C1=CC=CC=C1)C1=CC=CC=C1",9.134,,"tst"
"DTXSID8021800","91-66-7","N,N-Diethylaniline","CCN(CC)C1=CC=CC=C1","GGSUCNLOZRCGPQ-UHFFFAOYSA-N","CCN(CC)C1=CC=CC=C1",9.812,,"tst"
"DTXSID4032613","122-14-5","Fenitrothion","COP(=S)(OC)OC1=CC=C(C(C)=C1)[N+]([O-])=O","ZNOLGFHPUIJIMJ-UHFFFAOYSA-N","COP(=S)(OC)OC1=CC=C(C(C)=C1)[N+]([O-])=O",10.02,,"tst"
"DTXSID8020913","91-20-3","Naphthalene","C1=CC2=CC=CC=C2C=C1","UFWIBTONFRDIAS-UHFFFAOYSA-N","C1=CC2=CC=CC=C2C=C1",10.394,,"tst"
"DTXSID0022808","50-53-3","Chlorpromazine","CN(C)CCCN1C2=C(SC3=C1C=C(Cl)C=C3)C=CC=C2","ZPEIMTDSQAKGNT-UHFFFAOYSA-N","CN(C)CCCN1C2=C(SC3=C1C=C(Cl)C=C3)C=CC=C2",11.0,,"tst"
"DTXSID8024234","27314-13-2","Norflurazon","CNC1=C(Cl)C(=O)N(N=C1)C1=CC=CC(=C1)C(F)(F)F","NVGOPFQZYCNLDU-UHFFFAOYSA-N","CN=C1C=NN(C2=CC=CC(=C2)C(F)(F)F)C(=O)C1Cl",11.09,,"tst"
"DTXSID3024154","36734-19-7","Iprodione","CC(C)NC(=O)N1CC(=O)N(C1=O)C1=CC(Cl)=CC(Cl)=C1","ONUFESLQCSAYKA-UHFFFAOYSA-N","CC(C)NC(=O)N1CC(=O)N(C1=O)C1=CC(Cl)=CC(Cl)=C1",11.7,,"tst"
"DTXSID0020943","99-59-2","2-Methoxy-5-nitroaniline","COC1=C(N)C=C(C=C1)[N+]([O-])=O","NIPDVSLAMPAWTP-UHFFFAOYSA-N","COC1=C(N)C=C(C=C1)[N+]([O-])=O",12.028,,"tst"
"DTXSID3023845","208-96-8","Acenaphthylene","C1=CC2=C3C1=CC=CC3=CC=C2","HXGDTGSAIMULJN-UHFFFAOYSA-N","C1=CC2=C3C1=CC=CC3=CC=C2",12.384,,"tst"
"DTXSID1025805","26530-20-1","Octhilinone","CCCCCCCCN1SC=CC1=O","JPMIIZHYYWMHDT-UHFFFAOYSA-N","CCCCCCCCN1SC=CC1=O",12.722,,"tst"
"DTXSID4021848","102-27-2","N-Ethyl-3-methylaniline","CCNC1=CC(C)=CC=C1","GUYMMHOQXYZMJQ-UHFFFAOYSA-N","CCNC1=CC(C)=CC=C1",13.118,,"tst"
"DTXSID0020606","103-23-1","Bis(2-ethylhexyl)hexanedioate","CCCCC(CC)COC(=O)CCCCC(=O)OCC(CC)CCCC","SAOKZLXYCUGLFA-UHFFFAOYSA-N","CCCCC(CC)COC(=O)CCCCC(=O)OCC(CC)CCCC",13.556,,"tst"
"DTXSID2021866","105-99-7","Dibutyl adipate","CCCCOC(=O)CCCCC(=O)OCCCC","XTJFFFGAUHQWII-UHFFFAOYSA-N","CCCCOC(=O)CCCCC(=O)OCCCC",14.034,,"tst"
"DTXSID4020161","92-52-4","Biphenyl","C1=CC=C(C=C1)C1=CC=CC=C1","ZUOUZKKEUPVFJK-UHFFFAOYSA-N","C1=CC=C(C=C1)C1=CC=CC=C1",14.178,,"tst"
"DTXSID2032502","126535-15-7","Triflusulfuron-methyl","COC(=O)C1=C(C(C)=CC=C1)S(=O)(=O)NC(=O)NC1=NC(=NC(OCC(F)(F)F)=N1)N(C)C","IMEVJVISCHQJRM-UHFFFAOYSA-N","COC(=O)C1=C(C(C)=CC=C1)S(=O)(=O)NC(=O)NC1=NC(=NC(OCC(F)(F)F)=N1)N(C)C",14.47,,"tst"
"DTXSID3021196","139-40-2","Propazine","CC(C)NC1=NC(NC(C)C)=NC(Cl)=N1","WJNRPILHGGKWCK-UHFFFAOYSA-N","CC(C)NC1=NC(NC(C)C)=NC(Cl)=N1",14.6,,"tst"
"DTXSID5024211","15299-99-7","Napropamide","CCN(CC)C(=O)C(C)OC1=C2C=CC=CC2=CC=C1","WXZVAROIGSFCFJ-UHFFFAOYSA-N","CCN(CC)C(=O)C(C)OC1=C2C=CC=CC2=CC=C1",15.15,,"tst"
"DTXSID9022312","1806-26-4","4-Octylphenol","CCCCCCCCC1=CC=C(O)C=C1","NTDQQZYCCIDJRK-UHFFFAOYSA-N","CCCCCCCCC1=CC=C(O)C=C1",15.654,,"tst"
"DTXSID3032628","161050-58-4","Methoxyfenozide","COC1=CC=CC(C(=O)NN(C(=O)C2=CC(C)=CC(C)=C2)C(C)(C)C)=C1C","QCAWEPFNJXQPAN-UHFFFAOYSA-N","COC1=CC=CC(C(=O)NN(C(=O)C2=CC(C)=CC(C)=C2)C(C)(C)C)=C1C",16.2,,"tst"
"DTXSID8024315","88671-89-0","Myclobutanil","CCCCC(CN1C=NC=N1)(C#N)C1=CC=C(Cl)C=C1","HZJKXKUJVSEEFU-UHFFFAOYSA-N","CCCCC(CN1C=NC=N1)(C#N)C1=CC=C(Cl)C=C1",16.4,,"tst"
"DTXSID0040676","29094-61-9","Glipizide","CC1=NC=C(N=C1)C(=O)NCCC1=CC=C(C=C1)S(=O)(=O)NC(=O)NC1CCCCC1","ZJJXGWJIGJFDTL-UHFFFAOYSA-N","CC1=NC=C(N=C1)C(=O)NCCC1=CC=C(C=C1)S(=O)(=O)NC(=O)NC1CCCCC1",17.0,,"tst"
"DTXSID3023899","1861-40-1","Benfluralin","CCCCN(CC)C1=C(C=C(C=C1[N+]([O-])=O)C(F)(F)F)[N+]([O-])=O","SMDHCQAYESWHAE-UHFFFAOYSA-N","CCCCN(CC)C1=C(C=C(C=C1[N+]([O-])=O)C(F)(F)F)[N+]([O-])=O",17.34,,"tst"
"DTXSID4023179","75695-93-1","Isradipine","COC(=O)C1=C(C)NC(C)=C(C1C1=CC=CC2=NON=C12)C(=O)OC(C)C","HMJIYCCIJYRONP-UHFFFAOYSA-N","COC(=O)C1=C(C)N=C(C)C(C1C1=CC=CC2=NON=C12)C(=O)OC(C)C",18.0,,"tst"
"DTXSID8023349","465-65-6","Naloxone","OC1=C2O[C@H]3C(=O)CC[C@@]4(O)[C@H]5CC(C=C1)=C2[C@@]34CCN5CC=C","UZHSEJADLWPNLE-GRGSLBFTSA-N","[H]C12CC3=C4C(OC5C(=O)CCC1(O)C45CCN2CC=C)=C(O)C=C3",18.31,,"tst"
"DTXSID2020921","91-59-8","2-Naphthylamine","NC1=CC2=C(C=CC=C2)C=C1","JBIJLHTVPXGSAM-UHFFFAOYSA-N","NC1=CC2=C(C=CC=C2)C=C1",18.498,,"tst"
"DTXSID5020869","101-61-1","4,4'-Methylenebis(N,N-dimethylaniline)","CN(C)C1=CC=C(CC2=CC=C(C=C2)N(C)C)C=C1","JNRLEMMIVRBKJE-UHFFFAOYSA-N","CN(C)C1=CC=C(CC2=CC=C(C=C2)N(C)C)C=C1",18.846,,"tst"
"DTXSID5023792","99-99-0","4-Nitrotoluene","CC1=CC=C(C=C1)[N+]([O-])=O","ZPTVNYMJQHSSEA-UHFFFAOYSA-N","CC1=CC=C(C=C1)[N+]([O-])=O",19.316,,"tst"
"DTXSID4032376","87674-68-8","Dimethenamid","COCC(C)N(C(=O)CCl)C1=C(C)SC=C1C","JLYFCTQDENRSOL-UHFFFAOYSA-N","COCC(C)N(C(=O)CCl)C1=C(C)SC=C1C",19.92,101.82,"tst"
"DTXSID5034723","141112-29-0","Isoxaflutole","CS(=O)(=O)C1=C(C=CC(=C1)C(F)(F)F)C(=O)C1=C(ON=C1)C1CC1","OYIKARCXOQLFHF-UHFFFAOYSA-N","CS(=O)(=O)C1=C(C=CC(=C1)C(F)(F)F)C(=O)C1=C(ON=C1)C1CC1",20.42,0.0,"tst"
"DTXSID4032611","13194-48-4","Ethoprop","CCCSP(=O)(OCC)SCCC","VJYFKVYYMZPMAB-UHFFFAOYSA-N","CCCSP(=O)(OCC)SCCC",20.95,43.26,"tst"
"DTXSID9032327","22781-23-3","Bendiocarb","CNC(=O)OC1=CC=CC2=C1OC(C)(C)O2","XEGGRYVFLWGFHI-UHFFFAOYSA-N","CNC(=O)OC1=CC=CC2=C1OC(C)(C)O2",21.66,,"tst"
"DTXSID3022455","131-11-3","Dimethyl phthalate","COC(=O)C1=C(C=CC=C1)C(=O)OC","NIQCNGHVCWTJSM-UHFFFAOYSA-N","COC(=O)C1=C(C=CC=C1)C(=O)OC",22.26,,"tst"
"DTXSID3026564","94-28-0","Triethylene glycol bis(2-ethylhexanoate)","CCCCC(CC)C(=O)OCCOCCOCCOC(=O)C(CC)CCCC","FRQDZJMEHSJOPU-UHFFFAOYSA-N","CCCCC(CC)C(=O)OCCOCCOCCOC(=O)C(CC)CCCC",22.62,,"tst"
"DTXSID8040147","33286-22-5","Diltiazem hydrochloride","Cl.COC1=CC=C(C=C1)[C@@H]1SC2=C(C=CC=C2)N(CCN(C)C)C(=O)[C@@H]1OC(C)=O","HDRXZJPWHTXQRI-BHDTVMLSSA-N","COC1=CC=C(C=C1)C1SC2=CC=CC=C2N(CCN(C)C)C(=O)C1OC(C)=O",23.5,688.0,"tst"
"DTXSID4024066","528-29-0","1,2-Dinitrobenzene","[O-][N+](=O)C1=C(C=CC=C1)[N+]([O-])=O","IZUKQUVSCNEFMJ-UHFFFAOYSA-N","[O-][N+](=O)C1=C(C=CC=C1)[N+]([O-])=O",24.2,,"tst"
"DTXSID7032551","79622-59-6","Fluazinam","[O-][N+](=O)C1=CC(=C(Cl)C(=C1NC1=C(Cl)C=C(C=N1)C(F)(F)F)[N+]([O-])=O)C(F)(F)F","UZCGKGPEKUCDTF-UHFFFAOYSA-N","[O-][N+](=O)C1=CC(=C(Cl)C(=C1NC1=C(Cl)C=C(C=N1)C(F)(F)F)[N+]([O-])=O)C(F)(F)F",24.76,,"tst"
"DTXSID8024523","63-05-8","4-Androstene-3,17-dione","[H][C@@]12CCC(=O)[C@@]1(C)CC[C@@]1([H])[C@@]2([H])CCC2=CC(=O)CC[C@]12C","AEMFNILZOJDQLW-QAGGRKNESA-N","CC12CCC3C(CCC4=CC(=O)CCC34C)C1CCC2=O",25.92,,"tst"
"DTXSID5025607","93-15-2","Methyleugenol","COC1=CC=C(CC=C)C=C1OC","ZYEMGPIYFIJGTP-UHFFFAOYSA-N","COC1=CC=C(CC=C)C=C1OC",26.56,,"tst"
"DTXSID9022360","140-66-9","4-(1,1,3,3-Tetramethylbutyl)phenol","CC(C)(C)CC(C)(C)C1=CC=C(O)C=C1","ISAVYTVYFVQUDY-UHFFFAOYSA-N","CC(C)(C)CC(C)(C)C1=CC=C(O)C=C1",26.98,,"tst"
"DTXSID2020347","56-72-4","Coumaphos","CCOP(=S)(OCC)OC1=CC2=C(C=C1)C(C)=C(Cl)C(=O)O2","BXNANOICGRISHX-UHFFFAOYSA-N","CCOP(=S)(OCC)OC1=CC2=C(C=C1)C(C)=C(Cl)C(=O)O2",27.88,,"tst"
"DTXSID10198927","509-86-4","Heptabarbital","CCC1(C(=O)NC(=O)NC1=O)C1=CCCCCC1","PAZQYDJGLKSCSI-UHFFFAOYSA-N","CCC1(C(=O)NC(=O)NC1=O)C1=CCCCCC1",29.0,,"tst"
"DTXSID1032690","173584-44-6","Indoxacarb","COC(=O)N(C(=O)N1CO[C@]2(CC3=C(C=CC(Cl)=C3)C2=N1)C(=O)OC)C1=CC=C(OC(F)(F)F)C=C1","VBCVPMMZEGZULK-NRFANRHFSA-N","COC(=O)N(C(=O)N1COC2(CC3=C(C=CC(Cl)=C3)C2=N1)C(=O)OC)C1=CC=C(OC(F)(F)F)C=C1",31.36,,"tst"
"DTXSID4022577","28981-97-7","Alprazolam","CC1=NN=C2CN=C(C3=CC=CC=C3)C3=CC(Cl)=CC=C3N12","VREFGVBLTWBCJP-UHFFFAOYSA-N","CC1=NN=C2CN=C(C3=CC=CC=C3)C3=CC(Cl)=CC=C3N12",33.0,,"tst"
"DTXSID5037523","962-58-3","Diazoxon","CCOP(=O)(OCC)OC1=NC(=NC(C)=C1)C(C)C","VBLJFQYCTRKKKF-UHFFFAOYSA-N","CCOP(=O)(OCC)OC1=NC(=NC(C)=C1)C(C)C",34.62,59.02,"tst"
"DTXSID2036299","7378-99-6","N,N-Dimethyloctylamine","CCCCCCCCN(C)C","UQKAOOAFEFCDGT-UHFFFAOYSA-N","CCCCCCCCN(C)C",35.14,,"tst"
"DTXSID4024272","7287-19-6","Prometryn","CSC1=NC(NC(C)C)=NC(NC(C)C)=N1","AAEVYOVXGOFMJO-UHFFFAOYSA-N","CSC1=NC(NC(C)C)=NC(NC(C)C)=N1",35.78,,"tst"
"DTXSID2032398","131341-86-1","Fludioxonil","FC1(F)OC2=CC=CC(=C2O1)C1=CNC=C1C#N","MUJOIMFVNIBMKC-UHFFFAOYSA-N","FC1(F)OC2=CC=CC(=C2O1)C1=CNC=C1C#N",37.05,37.44,"tst"
"DTXSID1021798","91-22-5","Quinoline","C1=CC2=C(C=C1)N=CC=C2","SMWDFEZZVXVKRB-UHFFFAOYSA-N","C1=CC2=C(C=C1)N=CC=C2",38.6,,"tst"
"DTXSID7021869","106-44-5","p-Cresol","CC1=CC=C(O)C=C1","IWDCLRJOBJJRNH-UHFFFAOYSA-N","CC1=CC=C(O)C=C1",39.66,,"tst"
"DTXSID7041097","85532-75-8","PK 11195","CCC(C)N(C)C(=O)C1=CC2=C(C=CC=C2)C(=N1)C1=CC=CC=C1Cl","RAVIZVQZGXBOQO-UHFFFAOYSA-N","CCC(C)N(C)C(=O)C1=CC2=C(C=CC=C2)C(=N1)C1=CC=CC=C1Cl",42.12,,"tst"
"DTXSID8034877","53112-28-0","Pyrimethanil","CC1=CC(C)=NC(NC2=CC=CC=C2)=N1","ZLIBICFPKPWGIZ-UHFFFAOYSA-N","CC1=CC(C)=NC(NC2=CC=CC=C2)=N1",43.89,11.41,"tst"
"DTXSID0021125","77-09-8","Phenolphthalein","OC1=CC=C(C=C1)C1(OC(=O)C2=C1C=CC=C2)C1=CC=C(O)C=C1","KJFMBFZCATUALV-UHFFFAOYSA-N","OC1=CC=C(C=C1)C1(OC(=O)C2=C1C=CC=C2)C1=CC=C(O)C=C1",47.4,,"tst"
"DTXSID7032638","175013-18-0","Pyraclostrobin","CON(C(=O)OC)C1=C(COC2=NN(C=C2)C2=CC=C(Cl)C=C2)C=CC=C1","HZRSNVGNWUDEFX-UHFFFAOYSA-N","CON(C(=O)OC)C1=C(COC2=NN(C=C2)C2=CC=C(Cl)C=C2)C=CC=C1",53.93,,"tst"
"DTXSID1024259","2310-17-0","Phosalone","CCOP(=S)(OCC)SCN1C(=O)OC2=CC(Cl)=CC=C12","IOUNQDKNJZEDEP-UHFFFAOYSA-N","CCOP(=S)(OCC)SCN1C(=O)OC2=CC(Cl)=CC=C12",56.02,,"tst"
"DTXSID3024102","22224-92-6","Fenamiphos","CCOP(=O)(NC(C)C)OC1=CC=C(SC)C(C)=C1","ZCJPOPBZHLUFHF-UHFFFAOYSA-N","CCOP(=O)(NC(C)C)OC1=CC=C(SC)C(C)=C1",62.11,,"tst"
"DTXSID5020730","148-24-3","8-Hydroxyquinoline","OC1=CC=CC2=CC=CN=C12","MCJGNVYPOGVAJF-UHFFFAOYSA-N","OC1=CC=CC2=CC=CN=C12",69.68,,"tst"
"DTXSID1024091","759-94-4","EPTC","CCCN(CCC)C(=O)SCC","GUVLYNGULCJVDO-UHFFFAOYSA-N","CCCN(CCC)C(=O)SCC",80.36,,"tst"
"DTXSID4020791","121-75-5","Malathion","CCOC(=O)CC(SP(=S)(OC)OC)C(=O)OCC","JXSJBGJIGXNWCI-UHFFFAOYSA-N","CCOC(=O)CC(SP(=S)(OC)OC)C(=O)OCC",87.48,,"tst"
"DTXSID3034402","23184-66-9","Butachlor","CCCCOCN(C(=O)CCl)C1=C(CC)C=CC=C1CC","HKPHPIREJKHECO-UHFFFAOYSA-N","CCCCOCN(C(=O)CCl)C1=C(CC)C=CC=C1CC",100.8,,"tst"
"DTXSID7024299","78587-05-0","Hexythiazox","C[C@H]1[C@@H](SC(=O)N1C(=O)NC1CCCCC1)C1=CC=C(Cl)C=C1","XGWIJUOSCAQSSV-XHDPSFHLSA-N","CC1C(SC(=O)N1C(=O)NC1CCCCC1)C1=CC=C(Cl)C=C1",110.44,,"tst"
"DTXSID6032562","113-48-4","Octylbicycloheptenedicarboximide","CCCCC(CC)CN1C(=O)C2C3CC(C=C3)C2C1=O","WLLGXSLBOPFWQV-UHFFFAOYSA-N","CCCCC(CC)CN1C(=O)C2C3CC(C=C3)C2C1=O",134.33,,"tst"
"DTXSID0034855","79241-46-6","Fluazifop-P-butyl","CCCCOC(=O)[C@@H](C)OC1=CC=C(OC2=CC=C(C=N2)C(F)(F)F)C=C1","VAIZTNZGPYBOGF-CYBMUJFWSA-N","CCCCOC(=O)C(C)OC1=CC=C(OC2=CC=C(C=N2)C(F)(F)F)C=C1",234.42,,"tst"
"DTXSID6023363","55985-32-5","Nicardipine","COC(=O)C1=C(C)NC(C)=C(C1C1=CC=CC(=C1)[N+]([O-])=O)C(=O)OCCN(C)CC1=CC=CC=C1","ZBBHBTPTTSWHBA-UHFFFAOYSA-N","COC(=O)C1C(C2=CC(=CC=C2)[N+]([O-])=O)C(C(=O)OCCN(C)CC2=CC=CC=C2)=C(C)N=C1C",402.0,,"tst"
"DTXSID1037272","321-64-2","Tacrine","NC1=C2CCCCC2=NC2=C1C=CC=C2","YLJREFDVOIBQDA-UHFFFAOYSA-N","NC1=C2CCCCC2=NC2=C1C=CC=C2",1000.0,,"tst"
